OPM.L,1pm
FDT.L,1ST DENTAL LABORATORIES 10P
RGO.L,2 Ergo Group
C21.L,21st Century Technology
TTR.L,32RED
III.L,3I Group plc
3IN.L,3I Infrastructure
FOUR.L,4Imprint Group
SIXH.L,600 Group plc
888.L,888 Holdings
ABBY.L,Abbey
ACR.L,Abbeycrest plc
ABC.L,Abcam
AAIF.L,Aberdeen Asian Income Fund
AAS.L,Aberdeen Asian Small Company I T
ADN.L,ABERDEEN ASSET MANAGEMENT PLC
ABD.L,Aberdeen New Dawn I T
ANW.L,Aberdeen New Thai I T
AFH.L,Aberforth Geared
ASL.L,Aberforth Small Company I T
ABL.L,Ablon Group
AVC.L,ABondN DEV Cap
ABAA.L,Abrdn All Asia
ABRT.L,ABSOLUTE RTN TST
ACL.L,Acal plc
ACC.L,ACCESS INTELLIG GB
ACE.L,Accident Exchange Group
AXS.L,Accsys Technologies
ACD.L,Acencia Debt Strategies Ltd
ACMG.L,ACM Shipping Group
AIF.L,Acorn Income Fd Ld Ord 25p
APL.L,ACP CAPITAL
AIT.L,Active Capital
AQT2.L,ACUITY GR VCT
ADAR.L,ADALTA REAL
ADT.L,AdEPT Telecom
ADM.L,ADMIRAL GROUP GB
ADD.L,Advance Developing Mkts Tst
AFMF.L,Advance Frontier Markets Fund
ADU.L,Advance UK Trust
AMS.L,Advanced Medical Solutions
APC.L,Advanced Power Components
ATG.L,ADVENTIS GROUP GB
AFN.L,ADVFN
AAT.L,AEA Technology
AEC.L,AEC EDUCATION GB
AGS.L,Aegis Group plc
AERL.L,Aer Lingus Group
AFC.L,AFC Energy
AFNR.L,AFNAT RESOURCES
AFR.L,AFREN
AOF.L,Africa Opportunity Fund
AFCR.L,African Consolidated Resources
ACU.L,AFRICAN COPPER
AFD.L,AFRICAN DIAMONDS
AFE.L,African Eagle
AMEI.L,African Medical Investments
AGA.L,AGA Foodserve Group
AGK.L,Aggreko
AGI.L,AGI Therapeutics
AGTA.L,AGRITERRA
ACS.L,AI Claims Sol
AMD.L,AIM Distribution Trust
AIMA.L,AIM Investment
AIP.L,Air Partner Plc Ord 5p
AIEA.L,Airea
APG.L,Airsprung Furniture Group plc
AISI.L,Aisi Realty Public
AKR.L,AKERS BIOSCIENCE
AATG.L,ALB TECH & GEN
ALBA.L,Alba Mineral Resources
ABNY.L,Albany Investment Trust
ABM.L,Albermarle & Bond Plc Ord 4p
AADV.L,ALBION DEVPT
AAPV.L,ALBION PRCT VCT
ALEA.L,Alea Group Holdings (Bermuda) Ld
ADS.L,ALEX DAV SEC
AXM.L,Alexander Mining
AXD.L,Alexandra plc
AXN.L,Alexon Group plc
ALK.L,ALKANE ENERGY PLC ORD 0.5P
APNO.L,All Points North
AGY.L,ALLERGY THERAPEUT GB
APH.L,Alliance Pharm
ATST.L,Alliance Trust
AZD.L,Allianz Dres Tst
AGLD.L,Allied Gold
AHI.L,ALLIED HLTH INT
ALBK.L,Allied Irish Banks
ALLA.L,Allocate Software
ATR.L,ALLTRUE INVEST GB
ALPH.L,Alpha Pyrenees Trust
APS.L,Alpha Strategic
ATPT.L,Alpha Tiger Property Trust
ALM.L,Alphameric plc
AN.L,ALT NETWORKS
ALN.L,Alterian Plc
TLI.L,Alternative Asset Opps PCC
AIS.L,Alternative Invest Strategies
ALT.L,ALTITUDE GRP
ANR.L,ALTONA RES
ALU.L,Alumasc Group plc
AMZ.L,Amazing Holdings
AMBR.L,Amber Cap
AMEC.L,AMEC plc
AMER.L,Amerisur Res
AFS.L,AMIAD FILTER SYS
AEX.L,Aminex
AMO.L,AMINO TECH GB
AML.L,AMLIN
AMP.L,Amphion Innovations
AMC.L,Amur Minerals Corporation
AEN.L,Andes Ener
AND.L,Andor Technology
ASY.L,Andrews Sykes Group plc
ABH.L,Angel Biotechnology Holdings
ANGM.L,ANGEL MINING
AYM.L,Angelesey Mining
AGL.L,ANGLE PLC GB
AOT.L,Anglo & Overseas
AAL.L,Anglo American plc ord $0.50
APF.L,Anglo Pacific Resources plc
AEP.L,Anglo-Eastern Plantations plc
ANCR.L,Animalcare Group
AIE.L,Anite Group Inc Ord 10p
ANTP.L,Ant
ASM.L,ANTISOMA ORDINARY SHARE I:GB00
ANTO.L,Antofagasta
AEY.L,ANTRIM ENERGY CA
AOR.L,Aortech Intl Plc Ord 25p
APA.L,Apace Media
API.L,API Group plc
ABTX.L,Aqua Bounty Technologies
AQP.L,AQUARIUS PLATIUM LD SHS
ARBB.L,Arbuthnot Bk Gr
ARL.L,ARCHIAL GROUP
AR.L,ARCHIPELAGO RES
ARC.L,Arcontech Grp
ARDN.L,Arden Partners
ARE.L,Arena Leisure
AGQ.L,Arian Silver Crp
AAU.L,Ariana Resources
AKT.L,ARK THERAPEUTICS GB
ARM.L,Arm Holdings
ADID.L,Armor Designs
AMR.L,Armour Group plc
ARI.L,Arriva Plc
ATS.L,Artemis Alpha Trust
AAM.L,ARTEMIS VCT
ARTO.L,ARTEON
ARTA.L,Artilium
ART.L,Artisan Uk Plc Ord .05p
AST.L,Ascent Resources
ASG.L,ASG MEDIA
ALY.L,Ashley (Laura) Holdings plc
ASH.L,Ashley House
AGOL.L,Ashmore Global Opp
ASHM.L,Ashmore Group
AHT.L,Ashtead Group plc
ADH.L,ASIA DIGITAL HDS
ASR.L,Asia Resources
AGP.L,ASIAN GRT PRP
ASC.L,ASOS
AMN.L,Asset Man. I.T.
ASTO.L,AssetCo
ABF.L,Assoc Brit Foods plc
ASBE.L,Associated Brit Engineering
AGR.L,Assura Group
ASTR.L,ASTAIRE GRP
AKG.L,ASTEK GROUP
ATD.L,Asterand
AZN.L,Astrazeneca Plc Ord Shs $0.25
ATEL.L,Atelis
ATH.L,ATH RESOURCES
ATY.L,Athelney Trust Plc Ord 25p
ATK.L,Atkins WS
ATL.L,ATLANTIC Gbl
AJG.L,Atlantis Japan
ATLS.L,Atlas Estates
AUG.L,Augean
AUK.L,Aukett Assoc.
AUL.L,Aurelian Oil & Gas
ARR.L,Aurora Inv. Tst.
AURR.L,Aurora Russia
ACZ.L,AUTOCLENZ HOLD
ALG.L,Autologic Hldgs
AUTN.L,Autonomy Corporation PLC
AVCT.L,Avacta Group
AVA.L,Avanti Capital
AVN.L,Avanti Communications Group
AVR.L,Avarae Global Coins
AVS.L,Avesco Group
AVV.L,AVEVA GROUP
AVG.L,Avingtrans
AVE.L,Avis Europe
AVI.L,AVISEN
AV.L,Aviva
AVM.L,Avocet Mining
AVON.L,Avon Rubber Co plc
APT.L,AXA Property Trust
ASD.L,Axis-Shield Diagnostics plc
BPM.L,B.P. Marsh & Partners
BAB.L,Babcock Int'l Group plc
BA.L,BAE SYSTEMS PLC
BLEY.L,Bailey (C.H.)
BGFD.L,Baill. G. Jap.
BGS.L,Baill. G. Shin.
BBY.L,Balfour Beatty
BTC.L,Baltic Oil Terminals
BGO.L,BANGO
BKIR.L,Bank Ireland
BNKR.L,Bankers Investment Trust
BAO.L,Baobab Resources
BQS.L,Baqus Group
BIF.L,BARCLAYS GLOBAL INVESTORS ENDO
BARC.L,Barclays plc
BEE.L,Baring Emer.eur.tst Wt/Sub Ord
BVT.L,Baronsmead
BNS.L,BARONSMEAD 4 DE
BAV.L,Baronsmead AIM VCT
BMD.L,BARONSMEAD VCT 3
BDV.L,Baronsmead Vct.
BAG.L,BARR (A.G.) PLC
BDEV.L,Barratt Developments plc
BVC.L,Batm Advanced Comm
BBA.L,BBA Group
BCB.L,BCB Holdings
BAE.L,BEALE plc
BEZ.L,BEAZLEY GROUP
BRWV.L,BEDFORD ROW
BEG.L,BEGBIES TRAYNOR GB
BVM.L,Belgravium Tech
BWY.L,Bellway plc
BEM.L,BEOWULF MINING
BKG.L,Berkeley Group
BKY.L,Berkeley Resources
BEK.L,Berkeley Tech
BMRB.L,Berkly Min Res
BEST.L,Best of The Best
BZT.L,Bezant Resources
BG.L,Bg
BGTI.L,BGENUINETEC
BGBL.L,Bglobal
BHGG.L,BH Global
BHM.E.L,BH Macro
BHM.G.L,BH Macro
BHMG.L,BH MACRO LTD GBP
BLT.L,BHP BILLITON PLC
BDT.L,BIDTIMES
BYG.L,BIG YELLOW GRP
BILL.L,BILLING SERVICES
BILN.L,BILLINGTON HLDNG
BII.L,Biocompatibles Int'l plc
BIP.L,Biofutures International
BQE.L,Bioquell Plc
BIOG.L,Biotech Growth Trust
BISI.L,Bisichi Mining
BKSA.L,Black Sea Property Fund
BARS.L,BlackRock Absolute Return Strat
BRCI.L,BlackRock Comms Income Inv Tst
BLK.L,Blackrock International Land
BRGE.L,Blackrock Latin Amer
BRNE.L,Blackrock NE Eng
BRLA.L,Blackrock NW Enr
BRSC.L,Blackrock Smaller Co
BRWM.L,Blackrock World Mining
BSLA.L,Blacks Leisure Group plc
BLCK.L,BLACKSTAR GROUP
BES.L,BLAVOD BLK VODKA
BABS.L,BLCRST ALBLU
BLNX.L,Blinkx
BMY.L,Bloomsbury Pub.
BLP.L,Blue Planet Euro Fin Inv Tst
BPW.L,BLUE PLANET FIN
BPFE.L,BLUE PLANET NO3
BPFA.L,BLUE PLNT I.T.1
BLU.L,BLUE STAR CAPITAL GB
BBAY.L,BlueBay WI Plc
BHN.L,Bluehone A Vct2
BSST.L,Bluestar Secutech
BODI.L,BODISEN BIOTECH
BOY.L,Bodycote Int'l plc
BDI.L,Bond Intl Software
BOK.L,Booker Group
BHY.L,Boot (Henry) & Sons plc
BOR.L,BORDER & SOUTH
BCP.L,Boundary Capital
BVS.L,Bovis Homes
BLVN.L,BowLeven
BP.L,BP PLC
BST.L,BR SMLR VCT2
BAF.L,Br. Amer. Inv. Tst
BTEM.L,Br. Empire Tst
BSV.L,Br. Smaller Cos.
BRY.L,Brady
BRG.L,Braemar Group
BMS.L,BRAEMAR SEASCOPE
BMT.L,BRAIME
BMTO.L,Braime T. F& J H.
BJU.L,Brainjuicer Group
BRAL.L,Bramdean Alternatives
BRAM.L,Brammer plc
BRH.L,Braveheart Investment Group
BRW.L,Brewin Dolphin Holdings plc
BGT.L,BRIGHT THINGS GB
BRT.L,BRIGHTSIDE GROUP
BRM.L,Brinkley Mining
BRS.L,BRISTOL & WEST
BWS+.L,Bristol and West Building Soc
BRE.L,BRIT INSURANCE
BAY.L,British Airways plc
BATS.L,BRITISH AMERICAN TOBACCO PLC
BSET.L,British Assets Trust
BLND.L,British Land plc
BPI.L,British Polythene Industries
BPO.L,British Portfolio Trust
BSY.L,British Sky Broadcasting plc
BVIC.L,BRITVIC WI
BRK.L,BROOKS MACDONALD
BWNG.L,Brown (N) Group plc
BRU.L,Brulines (Holdings
BUT.L,Brunner Inv. Tst
BTSM.L,BSS Group plc
BT.L,BT GROUP PLC
BGC.L,Btg
BLD.L,Bulgarian Land Development
BNZL.L,Bunzl plc
BRBY.L,BURBERRY GRP PLC ORD 0.05P
BRST.L,Burst Media Corporation
BCT.L,Business Control Solutions Grp
BYOT.L,BYOTROL
CCR.L,C&C GROUP IE
CW.L,Cable & Wireless plc
CBRY.L,Cadbury Schweppes plc
CAD.L,Cadogan Petroleum
CFYN.L,Caffyns
CNE.L,Cairn Energy plc
CDN.L,CALEDON RES
CLDN.L,Caledonia Investments plc
CNN.L,CALEDONLAN TRUST PLC ORD 20P
CAO.L,Camco International
CAM.L,CAMELLIA
CNMI.L,Camper & Nicholsons Marina Inv
CF.L,CANACCORD FIN
CDI.L,Candover Inv.
CN.L,CANISP PLC GB
CAL.L,CAP & REGIONAL
CPC.L,CAPCON HOLDINGS
CIU.L,CAPE
CAPE.L,CAPE RESOURCES
CPI.L,Capita Group plc
CGT.L,Capital Gearing
CMIP.L,Capital Management & Investment
CPUB.L,Capital Pub Company
CPX.L,Cap-XX
CDO.L,Carador
CAR.L,CARCLO
CDFF.L,Cardiff Prop.
CUK.L,Care UK plc
CARE.L,Carecapital Group
CLLN.L,Carillion plc ord 50p
CLN.L,CARLTON RESOURS
CARL.L,Carluccio's
CCL.L,CARNIVAL
CPR.L,Carpetright plc
CPW.L,Carphone Warehouse
CRM.L,Carrs Mill.
CBOX.L,Cashbox
CSH.L,CASPAIN HOLDING GB
CDY.L,CASSIDY BROS
CGS.L,Castings plc
CMX.L,Catalyst Med Group
CTS.L,Catalytic Solutions
CTI.L,Cathay International Holdings
CGL.L,Catlin Group
CVH.L,CAVANAGH GROUP
TCT.L,Cayenne Trust (The)
CAZA.L,Caza Oil & Gas
CAEL+.L,Cazenove Absolute Equity
CBAY.L,CBaySystems Holdings
CDS.L,CDS OIL & GAS
CBA.L,Ceiba Investments
CLTV.L,Cellcast
CLL.L,Cello Group
CEL.L,Celsis Int'l plc
CCP.L,Celtic plc
CNKS.L,Cenkos Securities
CEY.L,CENTAMIN EGYPT LD ORD NPV
CAU.L,CENTAUR HOLDINGS GB
CAN.L,Central African Gold
GGG.L,CENTRAL CHINA
CRND.L,Central Rand Gold
CNA.L,Centrica plc
CEPS.L,CEPS
CFU.L,Ceramic Fuel Cells
CROP.L,Ceres Agriculture Fund Ld
CWR.L,Ceres Power Holdings
CMH.L,Chamberlin plc
CPL.L,Chapelthorpe plc ord 5p
CCT.L,Character Group PLC
CCAP.L,Charlemagne Capital
CAY.L,Charles Stanley
CTR.L,Charles Taylor
CHTR.L,CHARTER INTL
CPE.L,CHARTER PAN-EUROPEAN TRUST PLC ORD 1P
CAE.L,CHARTERIS PLC ORD 1P
CHU.L,Chaucer Holdings
CLS.L,CHEERFUL SCOUT PLC ORD 0.5P
CHG.L,Chemring Group plc
CSN.L,Chesnara
CHW.L,Chime Communication PLC
CBI.L,China Biodiesel Intl Holding
CESG.L,China Eastsea Business Software
CEVO.L,CHINA EVOLINE
CFC.L,China Food Co
CGM.L,CHINA GOLDMINES
CGOP.L,CHINA GRTH OPP
CREO.L,China Real Estate Opportunities
CHNS.L,China Shoto
CHWI.L,China Western Investments
CWO.L,China Wonder
CHLD.L,Chloride Group plc
CTG.L,Christie Group
CHX.L,Chromex Mining
CHS.L,Chrysalis Group plc
CYS.L,Chrysalis Vct
CHH.L,Churchill China plc
CHL.L,Churchill Mining
CINE.L,Cineworld Group
CINP.L,Cinpart
COP.L,CIRCLE OIL IE
CRF.L,Ciref
CIN.L,City Lon. Pr. Group
CHY.L,City Merc. H.Y.
CYN.L,City National
CLIG.L,City of London Investment Group
CTY.L,CITY OF LONDON INVESTMENT TRUST PLC
CPH.L,CLAPHAM HOUSE GRP
CCS.L,CLARITY COMMERCE SOLUT ORD 25P
CTO.L,Clarke T.
CKN.L,Clarkson (Horace) plc
CLKH.L,Clarkson Hill Group (The)
CAP.L,Clean Air Power
CEB.L,Clean Energy Brazil
CLEA.L,Cleardebt Group
CTN.L,Clearstream Technologies Group
CRK.L,Clerkenwell Ventures
CLE.L,Climate Exchange
CLC.L,Clinical Comp.
CC.L,Clinton Cards plc
CWP.L,CLIPPER WPR WI
CSU.L,Close Assets Funds
CBG.L,Close Brothers Group plc
CED.L,CLOSE ENHANCED
CEAF.L,Close European Accelerated Fund
CHI.L,CLOSE HIGH PROP
CLI.L,CLS Holdings plc
CLF.L,Cluff Gold
CPSP.L,Clyde Process
CMAE.L,CMA Global Hedge PCC
CML.L,CML Microsystems plc
CZA.L,Coal Of Africa
CEO.L,Coastal Energy Company
COB.L,Cobham plc
CGG.L,COBURG GROUP
COE.L,Coe Group
COH.L,COFFEEHEAVEN INT
CHRT.L,Cohort
CFX.L,COLEFAX GROUP
COL.L,Colliers Cre
CLST.L,Collins Stewart Tullett PLC
COLT.L,Colt Telecom
CB.L,COMM BROKING GRP
CMM.L,Commoditrade Inc
CMS.L,Communisis
CPG.L,Compass Group plc
CCC.L,Computacenter
COMS.L,Coms
CNC.L,CONCURRENT
CNR.L,Condor Resources
CXMG.L,CONEXION MEDIA
CNT.L,Connaught Plc Ord 10p
CON.L,Connemara Mining Company
CDG.L,CONROY DIAMONDS & GOLD PLC ORD
CSRT.L,Consort Medical
CFL.L,Contentfilm
CIC.L,Conygar Investment Company
CKSN.L,COOKSON GROUP
COO.L,Coolabi
CRA.L,CORAC GROUP PLC ORD 10P
CRU.L,Coral Products plc
CORE.L,Core Business (The)
CORO.L,Corero
CRG.L,CORIN GROUP PLC ORD 2.5P
CSLT.L,Cosalt plc
COST.L,Costain Group plc
COVE.L,COVE ENERGY
CVB+.L,Coventry Building Society
CPS.L,CPL RESOURCES ORDINARY SHARE
CRW.L,CRANEWARE
CWK.L,Cranswick plc
CRAW.L,Crawshaw Group
CRHL.L,CREAT RESOURCES
CRL.L,Creightons
CRO.L,Creon Corporation
CRE.L,Creston Land
CRH.L,CRH PLC ORD EUR 0.32
TIDE.L,Crimson Tide
CRDA.L,Croda Int'l plc
CMG.L,Croma Group
CRPR.L,Cropper (James) plc
CRWN.L,Crown Place Vct
CSC.L,CSCAPE GRP
CSR.L,CSR
CSS.L,CSSSTELLAR PLC ORD
CBX.L,CUBUS LUX GB
CUS.L,Custom Vis
CYAN.L,Cyan Holdings
CYH.L,CYBIT HLDINGS
CRX.L,CYPROTEX
DOO.L,D1 OILS GB
DJAN.L,Daejan Holdings plc
DMGT.L,Daily Mail & General Trust A
DMGO.L,Daily Mail and General Trust plc
DCG.L,Dairy Crest Group
DAY.L,DAISY GROUP
DNX.L,Dana Petroleum
DAN.L,DANIEL STEWART GB
DTG.L,Dart Group plc
DATA.L,DATACASH GROUP
DTE.L,DATONG ELECTRON
DAV.L,DAVENHAM
DVSG.L,Davis Service Group plc
DWN.L,Dawson Holdings plc
DWSN.L,Dawson Int'l plc
XSSX.L,DB X-trackers DJ Euro Stoxx 50 Short ETF
XUKS.L,DB X-Trackers FTSE 100 Short
XSPS.L,DB X-trackers S&P 500 Short ETF
XSPD.L,DB X-trackers S&P 500 Short ETF$
XSDX.L,DB X-trackers Shortdax ETF
DCC.L,DCC Plc
DCD.L,DCD Media
DDD.L,DDD GROUP
DLAR.L,De La Rue plc
DL.L,DEALOGIC HLDGS GB
DEB.L,Debenhams (WI)
DPH.L,DECHRA PHARMACEUTICALS PLC ORD
DVW.L,Dee Valley Group
DLC.L,Delcam PLC
DLTA.L,Delta plc
DEMG.L,DELTEX MEDICAL
DSN.L,Densitron Technologies
DEO.L,Deo Petroleum
DLN.L,Derwent London
DES.L,Desire Petroleum Plc Ord 1p
DDE.L,Develica Deutschland
DSC.L,Development Securities plc
DVO.L,Devro Int'l plc
DWHA.L,Dewhurst 'A'
DWHT.L,Dewhurst plc
DAB.L,DEXION ABSOLUTE
DEA.L,Dexion Eq Alt
DTL.L,DEXION TRADING
DGE.L,Diageo Plc
DIA.L,Dialight
DCP.L,DiamondCorp
DIGI.L,Digital Marketing Group
DTY.L,DIGNITY (WI) GB
DSG.L,Dillistone Group
DDT.L,Dimension Data
DPLM.L,Diploma plc
DIWO.L,Direct Wonen N.V.
DXR.L,DIRECTEX REAL
DDIT.L,DIRECTORS INV
DISL.L,Discover Leisure
DME.L,Discovery Metals
XS7S.L,DJ Stoxx 600 Banks Short ETF
XSX6.L,DJ Stoxx 600 ETF
XSDR.L,DJ Stoxx 600 Health Care
XSDS.L,DJ STOXX 600 Healthcare Short Daily ETF
XIGS.L,DJ Stoxx 600 Ind Goods Short Daily ETF
XSIS.L,DJ Stoxx 600 Insurance Short Daily ETF
XSES.L,DJ Stoxx 600 Oil & Gas Short ETF
XS8S.L,DJ Stoxx 600 Technology Short ETF
XSKS.L,DJ STOXX 600 Telecoms Short Daily ETF
XS6S.L,DJ Stoxx 600 Utilities Short Daily ETF
DMP.L,DM Plc
DCI.L,DOLPHIN CAP INV
DPL.L,Dominion Petroleum
DNO.L,Domino Printing Sciences plc
DOM.L,DOMINO'S PIZZA
DMG.L,DORI MEDIA GRP
DA1O.L,DOWNI ABSO VCT
DPV2.L,DOWNING PLANN
DQE.L,DQ Entertainment
DRG.L,DRAGANFLY INV
DGO.L,Dragon Oil
DUPD.L,Dragon-Ukrainian Prop. & Dev
DRX.L,DRAX GROUP
DRV.L,DRIVER GROUP
DRS.L,DRS Data & Mngt
DSGI.L,DSG Intl
DTZ.L,DTZ HOLDINGS
DNE.L,Dunedin Ent. I.T.
DIG.L,Dunedin Inc.
DNDL.L,Dunedin Small
DNLM.L,Dunelm Group
DYS.L,DYSON GROUP
E2V.L,E2V Technologies
EAGA.L,Eaga
EPO.L,EARTHPORT
EST.L,East European Trust
EEP.L,Eastern European Property
EZJ.L,EASYJET PLC ORD 25P
EBQ.L,EBIQUITY
ECK.L,ECKOH TECHNOLOGIES PLC ORD
EAH.L,Eco Animal Health
ECV.L,Eco City Vehicles
ECW.L,ECOFIN WPO 0.1P
EUS.L,Edin US Tracker
EUK.L,Edin. UK Tracker
EWI.L,Edin. Wwide Inv.
EDIN.L,Edinburgh Investment Trust
ENI.L,Edinburgh New Income Trust
EDD.L,Education Dev Intl
EFM.L,EFM Dragon Trust
EGS.L,EG SOLUTIONS
EDR.L,Egdon Reources
EGP.L,Egypt Trust
EIH.L,EIH
EDV.L,Elderstreet VCT
ELCO.L,Eleco Holdings
ELTA.L,Electra Investment Trust
ECIT.L,Electric Inv
ELE.L,ELECTRIC WORD PLC ORD 1P
ECM.L,Electrocomponents plc Ord 10p
EDP.L,Electronic Data Processing plc
EKT.L,Elektron
ELM.L,Elementis
BLZ.L,Emblaze Systems
EMED.L,EMED Mining Public
EMR.L,EMPRESARIA GROUP GB
EME.L,Empyrean Energy
EO.L,Encore Oil
EDA.L,Endace
EGX.L,Energetix Group
ENGI.L,ENERGISER INVE
ETQ.L,Energy Tech.
EXXS.L,ENERGY XXI
EBG.L,Energybuild Group
ENF.L,Enfis Group
EEE.L,ENGEL EAST EUR
ESR.L,ENSOR HOLDINGS
ETI.L,Enterprise Inns
ETO.L,Entertainment One
ENRT.L,ENV Recycling TC
EPG.L,EP Global OP Test
ESOE.L,EPE SPL OPPRT
EQEO.L,Epicure Qatar Equity Opp.
EHP.L,Epistem Holdings
EBP.L,EQUEST BALK PRP
EQP.L,Equity Part Cap
ERE.L,EREDENE CAPITAL
EROS.L,Eros International
ERU.L,ERUMA
ESSES.L,ESSENDEN
ET.L,Establishment Investment Trust
ETC.L,ET-china.com International Hldgs
AIGA.L,ETFS AGRICUL
AIGC.L,ETFS ALL COMS
ALUM.L,ETFS ALUMINIUM
COFF.L,ETFS COFFEE
COPA.L,ETFS COPPER
CORN.L,ETFS CORN
COTN.L,ETFS COTTON
CRUD.L,ETFS CRUDE OIL
AIGE.L,ETFS ENERGY
AIGX.L,ETFS EX-ENERGY
FAGR.L,ETFS Forward Agriculture DJ AIGCI
HEAF.L,ETFS Forward Heating Oil
HOGF.L,ETFS Forward Lean Hogs
CATF.L,ETFS Forward Live Cattle
FLIV.L,ETFS Forward Livestock DJ AIGCI
BULL.L,ETFS GOLD
AIGG.L,ETFS GRAINS
HEAT.L,ETFS HEATING
AIGI.L,ETFS IND METALS
CATL.L,ETFS L.CATTLE
HOGS.L,ETFS LEAN HOGS
LSIL.L,ETFS LEV SILVER ETFS LEVERAGED
LPLA.L,ETFS Leveraged Platinum
AIGL.L,ETFS LIVESTOCK
NGAS.L,ETFS NAT.GAS
NICK.L,ETFS NICKEL
OILB.L,ETFS Oil Securities
AIGO.L,ETFS PETROL
PHAU.L,ETFS Physical Gold
PHPD.L,ETFS Physical Palladium
PHPT.L,ETFS Physical Platinum
PHPM.L,ETFS Physical PPSG Bskt
PHAG.L,ETFS Physical Silver
AIGP.L,ETFS PREC.METAL
SALL.L,ETFS Short All Commodities DJ-AIGCI
SALU.L,ETFS Short Aluminium
SCOC.L,ETFS Short Cocoa
SCOR.L,ETFS Short Corn
SOIL.L,ETFS Short Crude Oil
SNRG.L,ETFS Short Energy DJ-AIGCI
SGAS.L,ETFS Short Gasoline
SHEA.L,ETFS Short Heating Oil
SIME.L,ETFS Short Industrial Metals DJ-AIGCI
SNGA.L,ETFS Short Natural Gas
SNIK.L,ETFS Short Nickel
SPET.L,ETFS Short Petroleum DJ-AIGCI
SWEA.L,ETFS Short Wheat
SLVR.L,ETFS SILVER
AIGS.L,ETFS SOFT
SOYB.L,ETFS SOYBEANS
SOYO.L,ETFS SOYBN.OIL
SUGA.L,ETFS SUGAR
WEAT.L,ETFS WHEAT
ZINC.L,ETFS ZINC
EUTP.L,EUR INVT TRUST
EUA.L,EURASIA MINING PLC ORD 5P
ENRC.L,Eurasian Natural Resources Corp
EAT.L,Euro. Assets
ERM.L,Euromoney Publications plc
EOG.L,Europa Oil & Gas
ECDC.L,European Convergence Dev. Co
ENK.L,EUROPEAN NICKEL GB
EVT.L,EUROVESTECH
EVG.L,EVOLUTION GROUP PLC ORD 1P
EXC.L,EXC PLC GB
XPS.L,eXpansys
EXPN.L,Experian Group
FCS.L,F & C Smlr.
FCAM.L,F&C Asset Mngt
FCI.L,F&C Cap & Inc It
FCPL.L,F&C Commercial Property Trust
FPEB.L,F&C PRIVAT EQ B
FUS.L,F&C UK Select Trust
FSC.L,F&C US SMALL CO
FRPG.L,Fairpoint Grp
FKL.L,Falkland Islands Hldgs
FPM.L,Faroe Petro
FDBK.L,Feedback
FENR.L,Fenner plc
FXPO.L,Ferrexpo
FFA.L,FFASTFILL PLC ORD 1P
FWEB.L,Fiberweb
FEV.L,Fid. Euro. Val.
FJV.L,Fid. Jap. Val.
FSV.L,Fid. Sp. Val.
FAS.L,Fidelity Asian
FDSA.L,Fidessa Group
FLTR.L,Filtrona
FTC.L,Filtronic Comtek plc
FDL.L,Findel Plc
FND.L,Finders Resources
FIF.L,Finsbury Food Group
FGT.L,Finsbury Growth
FWP.L,Finsbury Wwide
FDI.L,Firestone Diamonds Plc Ord 20p
FAN.L,FIRST ARTIST CORPORATION PLC
FPO.L,FIRST PROPERTY ONLINE PLC 1P
FQM.L,FIRST QUANTUM MINERALS LD COM
FGP.L,Firstgroup
FSJ.L,Fisher (James) & Sons plc
FKE.L,FISKE
FDP.L,FISRT DERIVATIVE
FITB.L,FITBUG HLD
FLK.L,Fletcher King
FBDU.L,Flying Brands Ltd Shares
FSG.L,Focus Solutions Group
FBT.L,FORBIDDEN TECH ORD 0.8P
FRCL.L,Foreign Colonial Investment Trust
FTN.L,Foresight 2 VCT
FTD.L,Foresight 3 VCT
FTF.L,Foresight 4 VCT
FTV.L,Foresight Technology VCT
FRM.L,Formation Group
FTS.L,Formula Telecom Solutions
FPT.L,Forth Ports plc
FTO.L,Fortune Oil plc
FEP.L,Forum Energy
FAMT.L,Framlington Aim VCT 2
FIT.L,FRAMLINGTON INNOVATIVE GROWTH
FCCN.L,French Connection Group plc
FEN.L,FRENKEL TOPP GB
FRES.L,Fresnillo
FRR.L,FRONTERA RES WI
FRO.L,Frontline
FTMC.L,FTSE 250 Mid Cap Index
FTLC.L,FTSE 350 Large Cap Index
FTAI.L,FTSE AIM Index
UGAS.L,FTSE EPRA NAREIT Asia USD version
ENEE.L,FTSE EPRA NAREIT Europe Non-REITs
FTOP.L,FTSE Eurotop 300 Index
FTSC.L,FTSE Small Cap Index
FUL.L,FULCRUM PHARMA
FSTA.L,"Fuller, Smith & Turner plc"
FIP.L,FUSION IP
FUM.L,FUTURA MEDICAL
FGN.L,Futuragene
FUTR.L,Future Network plc ord 1p
FFY.L,Fyffes
GAL.L,Galantas Gold Corporation
GFRM.L,Galiform
GON.L,GALLEON HLDGS
GFRD.L,GALLIFORD TRY
GMG.L,Game Group
GAW.L,Games Workshop Group plc
GAR.L,Garner
GMF.L,Gart Fledg Idx ord 25p
GEO.L,Gartmore European Investment Trust
GGL.L,Gartmore Global Trust
GGOR.L,Gartmore Growth Opportunities
GIR.L,GARTMORE IRISH SMALL PLC O 25P
GTE.L,GAS TURBINE EFF
GAS.L,Gasol
GASL.L,Gasol
GBG.L,GB GROUP
GED.L,Gbl ENERGY
GBF.L,Gem Biofuels
GEMD.L,Gem Diamonds
GEM.L,Gemfields Resources
GSS.L,Genesis E.M.F.
GNS.L,GENUS
GNG.L,Geong International
GPK.L,Geopark Holdings
GTC.L,GETECH GROUP
GETM.L,Getmobile Europe
GKN.L,GKN
GLD.L,Gladstone Plc Ord 0.01p
GLB.L,Glanbia
GSK.L,Glaxo Smithkline plc
GLE.L,Gleeson (M.J.) Group plc
GLI.L,GLISTEN
GCM.L,Global Coal Mgmt
GO.L,GlobeOp Financial Services S.A.
GLBS.L,Globus Maritime
GMA.L,GMA RESOURCES
GOG.L,Go-Ahead Group plc
GOAL.L,Goals Soccer Centres
GOI.L,GoIndustry
GBS.L,Gold Bullion Securities
GOO.L,Gold Oil
GPRT.L,Goldenport Holdings
GSDO.L,Goldman Sachs Dynamic Opp
GRL.L,Goldstone Res
GHH.L,GOOCH & HOUSEGO
GDWN.L,GOODWIN
GMNT.L,Gottex Market Neutral Trust
GRH.L,GR Holdings
GRFU.L,GRAFTON GRP UT 1C OR 0.00025P
GRI.L,Grainger Trust plc
GPE.L,GRAPHITE ENTERPRISE TRT PLC
GBR.L,Great Bear Resrc
GPOR.L,Great Portland Estates plc
GGP.L,Greatland Gold
GCO.L,GREEN CO2
GDG.L,Green Dragon Gas
GNC.L,Greencore Group
GNK.L,Greene King plc
GKO.L,Greenko Group
GLIF.L,GREENWICH LOAN
GRG.L,Greggs plc
GHT.L,Gresham Computing plc
GHE.L,GRESHAM HOUSE
GFM.L,Griffin Mining
GFS.L,Grp 4 Securicor
GTL.L,GTL RESOURCES
GPG.L,Guinness Peat Group plc
GWP.L,GW PHARMA PLC ORD 0.1P
HAT.L,H&T Group
HAIK.L,Haike Chemical Group
HFD.L,HALFORDS GROUP GB
HAL+.L,HALIFAX
HLMA.L,Halma plc
HMB.L,HAMBLEDON MINING GB
HMSO.L,Hammerson Property plc
HUW.L,HAMPDEN
HAMP.L,Hampson Industries plc
HMY.L,HAMWORTHY GB
HAN.L,Hansa Trust
HANA.L,Hansa Trust A
HDD.L,Hardide
HDY.L,HARDY OIL & GAS
HDU.L,HARDY UNDERWRITING GRP ORD 20P
HHV.L,HARGREAVE VCT 1
HL.L,Hargreaves Ls
HSP.L,HARGREAVES SERV
HTH.L,Hartest Holdings
HAR.L,HARVARD INTER
HVN.L,HARVEY NASH GRP
HVE.L,Havelock Europe ord 10p
HTI.L,Hawtin plc
HNN.L,Hay (Norman)
HYNS.L,Haynes Publishing Group plc
HAS.L,Hays plc
HEAD.L,Headlam Group plc
HCEG.L,Healthcare Ent
HLO.L,HEALTHCARE LOC
HSM.L,Heath Samuel and Sons
HVT.L,HEAVITREE BREW
HLS.L,Helesi
HLCL.L,Helical Bar plc
HEGY.L,Helius Energy
HHR.L,Helphire Group
ENG.L,Hend. El. & Gen. I.T.
HHI.L,Hend. High Inc.
HDIV.L,Henderson Diversified Income
HNE.L,Henderson Euro.
HFEL.L,Henderson Far East Income
HFO.L,HENDERSON FIN
HGGH.L,HENDERSON GRP
HML.L,HENDERSON MORLEY PLC 0.125P
HSL.L,Henderson Smaller Cos
HOT.L,Henderson Strat
HPI.L,Henderson Tr Pac
HRI.L,Herald Inv.
HER.L,HERENCIA RES
HOIL.L,Heritage Oil
HHC.L,Hexagon Human Capital
HGT.L,HG Capital Trust
HSS.L,HIGHAM SYS SERV
HCFT.L,Highcroft Inv.
HGM.L,HIGHLAND GOLD MINING LD ORD
HTIG.L,Hightex Group
HWC.L,Highway Capital
HIK.L,HIKMA PHARMA WI
HILS.L,Hill & Smith Holdings plc
HFG.L,Hilton Food Group
HRCO.L,Hirco (WI)
HSX.L,Hiscox
HMLH.L,HML Holdings
HMV.L,HMV GROUP PLC ORD 1P (WI)
HOC.L,Hochschild Mining
HRG.L,Hogg Robinson Group
HDT.L,Holders Tech.
HBR.L,Holidaybreak Plc
HOME.L,Home Retail Group
HSV.L,Homeserve
HZM.L,Horizonte Minerals
HRN.L,Hornby Group plc
HTT.L,HOT TUNA INTL
HCP.L,HOTEL CORPORATION
HRO.L,HR Owens Plc
HSBA.L,HSBC Holdings 75p plc
HICL.L,HSBC Infrastructure Company
HTG.L,Hunting plc
HNT.L,Huntsworth Plc
HCM.L,Hutchison China Meditech
HVX.L,HUVEAUX ORD 10P
HYC.L,Hyder Consulting
HYD.L,Hydro Energy Service Inc
HYR.L,Hydrodec Group
HYDG.L,Hydrogen Group
HYG.L,Hygea VCT
IMI.L,I M I plc
ISL.L,I S Solutions
IAP.L,ICAP PLC ORD 50P
ICB.L,ICB Financial Group Holdings AG
IDA.L,Idatech
IDS.L,IDEAL SHOPPING
IDG.L,i-design Group
IDOX.L,I-DOCUMENTSYSTEMS GRP PLC 1P
IFP.L,IFG Group
IFR.L,IFR Capital
IGG.L,IG GRP HLDGS
IGAS.L,IGAS ENERGY
IIM.L,IIMIA INVESTMENT GB
IGE.L,IMAGE SCAN HLDGS
ILI.L,Imagelinx
IMTK.L,Imaginatik
IMG.L,Imagination Tech
IMJ.L,IMJACK
IME.L,IMMEDIA GRP
IDH.L,IMMUNO SYS HLDG GB
IMM.L,Immupharma
IHUK.L,IMPACT HOLDINGS
IPX.L,IMPAX ASST MNG
IEM.L,IMPAX ENMTL MKTS
IPEL.L,Impellam Group
IMT.L,Imperial Tobacco Group
IGD.L,INCAGOLD
INCH.L,Inchcape plc
IIT.L,INDEPENDENT INV TST PLC ORD 25
IMD.L,INDEPENDENT MEDIA DIST ORD 10P
INME.L,Independent News
IRG.L,Independent Resources
IGC.L,India Capital Growth Fund
IHC.L,INDIA HOSPITALTY
IRGP.L,INDIA REST GRP
INDY.L,INDIA STAR
IFC.L,Indian Film Company
IND.L,INDIGOVISION GP
IDM.L,INDITHERM
IRC.L,INDIVIDUAL RESTAURANT
ICV.L,Indochina Capital Vietnam Hldgs
INF.L,INFORMA
INFO.L,Infoscreen Networks
IIP.L,Infrastructure India
IGRE.L,ING Global Real Estate Secs
IRET.L,ING UK Real Estate Income Trust
IMAC.L,Ingenious Media Active Capital
INL.L,Inland
ISAT.L,Inmarsat
TIG.L,INNOVATION GRP PLC ORD 2P
INN.L,INNOVISION RESEARCH & TECH 1P
IFD.L,INSIGHT FOUNDAT GB
IBL.L,INT BRAND LICENS
IFM.L,INTANDEM FILMS
ITL.L,Intec Tele System
IAM.L,INTEGRATED ASSET MANAGEMENT
ITK.L,Intelek
IHP.L,INTELLEGO HLDGS GB
ILX.L,INTELLEXIS
IEN.L,INTELLIGENT ENVIROMENTS GROUP
INB.L,INTERBULK INV GB
IGP.L,INTERCEDE GRP PLC ORD 25P
ISG.L,Interior Svcs Group Plc Ord 1p
ICP.L,Intermediate Capital Group plc
IFL.L,International Ferro Metals
IPF.L,International Personal Finance
IPR.L,International Power
INPP.L,International Public Partnership
ITQ.L,INTERQUEST GRP
IRV.L,Interserve
ITRK.L,INTERTEK TESTING SVC ORD 1P
IBT.L,Intl Biotech TST 'C'
IGR.L,INTL GREETINGS
IHG.L,INTRCONT HOTELS
IPU.L,Inv Perpuk Smlr
ISYS.L,Invensys plc ord 25p
IAT.L,Invesco Asia
IEI.L,Invesco Eng. & Int.
IVI.L,Invesco Inc Growth
ILH.L,Invesco Leveraged Hi Yld Fd 1p
IPA.L,Invesco Perpetual AIM VCT
IPRT.L,Invesco Perpetual Trust 2011
INVP.L,INVESTEC
ICA.L,INVESTEC CAP ACC
INV.L,Investment Company
IERE.L,Invista European Real Est.Tst Sicaf
INRE.L,Invista Real Est.Inv Mngt Hldgs
INVO.L,Invocas Group
INVU.L,INVU
IOM.L,IOMART GRP PLC ORD 1P
IPO.L,IP2IPO Group
IPNT.L,Ipoint-media
IPP.L,IPPLUS
IPSA.L,IPSA Group
IPS.L,Ipso Ventures
IQH.L,IQ Holdings
IQE.L,IQE PLC ORD 10P
IPM.L,Irish Permanent
IRP.L,IRP PROPERTY
ISPHI.L,IS Pharma
LQDE.L,Ishare Investop IE
IDAP.L,Ishares
IDBT.L,Ishares
IDFF.L,Ishares
IDFX.L,Ishares
IDUS.L,Ishares
DBRC.L,Ishares $ FTSE Bric 50
IAEX.L,iShares AEX
EUE.L,iSHARES DJ EURO STOXX 50
EUN.L,iSHARES DJ STOXX 50
IBGL.L,Ishares Euro Government Bond 15-30
IBGX.L,Ishares Euro Government Bond 3-5
IBGM.L,Ishares Euro Government Bond 7-10
BRIC.L,Ishares FTSE Bric 50
IASP.L,Ishares FTSE Epra Nareit Asia
IWDP.L,Ishares FTSE Epra Nareit Glb Prop
IUSP.L,Ishares Ftse Epra Nareit US Prop
INFR.L,Ishares FTSE Macquarie Glbl Inf 100
IGLT.L,Ishares FTSE UK All Stks GILT
MIDD.L,ISHARES FTSE250 IE
SLXX.L,ISHARES IBOXX IE
ISDE.L,iShares II PLC
ISDU.L,iShares II PLC
ISDW.L,iShares II PLC
ISEM.L,iShares II PLC
ISUS.L,iShares II PLC
IEMB.L,Ishares JPMorgan USD Emerging Mkts Bond
SEMB.L,Ishares JPMorgan USD Emerging Mkts Bondú
ITKY.L,Ishares Msci Turkey
IEUR.L,ISHARES PLC
ISF.L,ISHARES PLC IFTSE 100
INXG.L,Ishares Pound IDX Lkd GILT
IEMI.L,Ishares S&P Emerging Mkts Infrastructure
DEIN.L,Ishares S&P Emerging Mkts Infrstructure$
IBTM.L,Ishares US Treasury Bond 7-10
IDTP.L,Ishares USD Tips
ITPS.L,Ishares USD Tips
FXC.L,ISHS FTSE/XINHUA
IPT.L,ISIS PROP TST
IBB.L,ISLAMIC BANK GB
IOG.L,ISLAND OIL & GAS IE
ITA.L,Itacare Capital Investments
ITE.L,ITE Group Plc Ord
IAE.L,Ithaca Energy
ITM.L,ITM POWER GB
ITV.L,ITV PLC
IPI.L,IVESCO UK PROP GB
JLH.L,J LEWIS OF HUNG
JQV.L,Jacques Vert plc
JHD.L,James Halstead plc
JPLH.L,Japan Leisure Hotels
JRIC.L,Japan Residential Inv. Co.
JLT.L,Jardine Lloyd Thompson
JRVS.L,Jarvis plc
JIM.L,JARVIS SECURITIES GB
JLF.L,Jelf Group
JEL.L,Jersey Electricity
JHL.L,JETION SOLR HLDS
JJB.L,JJB Sports
JKX.L,JKX Oil & Gas plc
SWJ.L,JOHN SWAN
JMAT.L,Johnson Mathey plc
JSG.L,Johnson Services plc
JPR.L,Johnston Press plc
JNY.L,JOURNEY GRP
JAM.L,JP Morgan Amer Invest
JETG.L,JP Morgan Euro Growth In Trust
JMC.L,JP Morgan Fleming Chinese Inv Tst
JMG.L,JP MORGAN FLEMING EMERGE MKTS
JPI.L,JP Morgan Fleming Inc and Cap IT
JMI.L,JP MORGAN FLEMING SMALLER COS
JPS.L,JPM FLEM JAP SM
JMF.L,JPM Fleming Corp
JFF.L,JPM Fleming Euro I.T.
JMO.L,JPM Fleming Overseas Investors
JPE.L,JPMF Elect Growth
JFJ.L,JPMF Japan Investors
JAI.L,JPMorgan Asian Investment Trust
JCH.L,JPMorgan Fleming Claverhouse IT
JII.L,JPMORGAN FLEMING INDIAN IT PLC
JRS.L,JPMorgan Fleming Russian Secs PLC Ord 1p
JPU.L,JPMorgan Fleming US Disc IT
JSM.L,JSM Indochina
JLP.L,JUBILEE PLATINUM
JEO.L,JUPITER EURO OPPS TR PLC ORD1P
JGC.L,Jupiter Green Investment Trust
JPG.L,Jupiter Primdna
JSS.L,JUPITER SEC ST
JIL.L,Juridica Investments
JCR.L,Just Car Clinics
KBT.L,K3 Bus Tech Grp
KAH.L,Kalahari Minerals
KLG.L,Kalimantan Gold Corp
KDR.L,KARELIAN DIAM
KAZ.L,KAZAKHMYS WI
KBC.L,KBC Adv Tech PLC
KEA.L,KEA PETROLEUM
KEFI.L,Kefi Minerals
KLN.L,Kellan Group
KLR.L,Keller Group plc
KEN.L,Kenetics Group
KMR.L,Kenmare Res.
KEIF.L,Kenmore European Industrial Fund
KENZ.L,Kentz Corporation
KYGA.L,Kerry Group 'A'
KESA.L,KESA ELECTRICALS
KWL.L,Kewill Systems plc
KIV.L,Keydata Income VCT 1
KIT.L,Keystone Investment Trust
KIE.L,Kier Group
KGF.L,Kingfisher plc
KGP.L,Kingspan Group
KCOM.L,KINGSTON COMMUN (HULL) PLC 10P
KWI.L,KINGSWALK INV
KIO.L,KIOTECH INTL
KIW.L,Kiwara
KSI.L,Kleenair Systems International
KFX.L,Kofax
KDD.L,Kopan Diamond
KYS.L,KRYSO RESOURCES GB
KSK.L,KSK Power Ventur
LAD.L,Ladbrokes
LGN.L,Lagan Capital
LRD.L,Laird
LAM.L,Lamprell
LRE.L,Lancashire Holdings
LAND.L,Land Securities plc
LKI.L,Landkom International
LND.L,LANDORE RES
LOGP.L,Lansdowne Oil & Gas
LTC.L,Latchways Plc
LTHM.L,LATHAM JAMES
LVD.L,Lavendon Group Np
LWDB.L,Law. Deb. Corp.
LED.L,LED International Holdings
LDP.L,Leed Petroleum
LBS+.L,Leeds Building Society
LDSG.L,Leeds Group plc
LEE.L,LEES FOODS
LGEN.L,Legal & General Group plc
LGNG.L,LEGION GROUP
LNG.L,Leisure & Gaming
LGO.L,Leni Gas & Oil
LRL.L,LEYSHON RESORCE
LBE.L,Liberty
LII.L,Liberty Intl.
LID.L,LIDCO GRP PLC ORD 0.5P
LGT.L,LIGHTHOUSE GROUP PLC ORD 1P
LCT.L,Lincat Group plc
LTI.L,Lindsell Train Investment Trust
LIO.L,Liontrust Asset Management plc ord 1p
LPX.L,Lipoxen
LTS.L,Litho Supplies
LIV.L,Livermore  Inc Grp
LLOY.L,Lloyds Bank plc
LSR.L,Local Shopping REIT (WI)
LOG.L,Logica plc
LOK.L,LOK'N STORE GRP PLC ORD 1P
LMT.L,Lombard Medical Technologies
LRM.L,Lombard Risk Management
LAS.L,Lon. & Ass. Props.
LSLI.L,Lon. & St. Law. I.T.
LFI.L,Lon. Fin & Inv. Group
LSP.L,London & Stamford Property
LCG.L,LONDON CAP GRP
LSC.L,London Security
LSE.L,LONDON STK EXCH PLC ORD 5P
LMI.L,Lonmin Plc Ord
LONR.L,Lonrho Africa
LZM.L,Lonzim
LOOK.L,Lookers plc
LOQ.L,LO-Q
LWB.L,Low & Bonar plc
LCA.L,Low Carbon Accelerator
LWI.L,Lowland Inv.
LPHL.L,LP HILL
LPA.L,LPA Group
LSL.L,LSL Property Services (WI)
LEF.L,Ludgate Environmental Fd
LUD.L,Ludorum
LMR.L,Luminar PLC
LUP.L,Lupus Capital
LXB.L,LXB Retail Properties PLC
L100.L,Lyxor ETF FTSE 100
L250.L,Lyxor ETF FTSE 250
LRES.L,Lyxor ETF FTSE Rafi Europe
LREU.L,Lyxor ETF FTSE Rafi Europe
LRZU.L,Lyxor ETF FTSE Rafi Eurozone
LRZZ.L,Lyxor ETF FTSE Rafi Eurozone
LRJU.L,Lyxor ETF FTSE Rafi Japan
LRAM.L,Lyxor ETF FTSE Rafi US 1000
LRAU.L,Lyxor ETF FTSE Rafi US 1000
LKUW.L,Lyxor ETF Kuwait FTSE Coast Kuwait 40 ú
LLAT.L,Lyxor ETF MSCI Em Latin America
LLAU.L,Lyxor ETF MSCI Em Latin America
LEME.L,Lyxor ETF MSCI Emerging Markets
MEQI.L,M & G Equity IT Inc.
MGHC.L,M & G High Income IT Cap.
MGHI.L,M & G High Income IT Inc.
MEQ.L,M and G Equity Investment Tst
SAA.L,M&C Saatchi
MCP.L,M.C. Pacific
MPO.L,Macau Property Opp. Fund
MACF.L,Macfarlane Group plc
MMS.L,Maghreb Minerals
MAI.L,MAINTEL HOLDINGS GB
MAJE.L,Majedie Inv.
MJW.L,MAJESTIC WINE PLC ORD 30P
MAE.L,Mallett plc
MAMA.L,Mama Group
EMG.L,Man (E D & F) Group plc
MSPS.L,Managed Support
MMC.L,Management Consulting
MNL.L,Manchester & Lon
MNGS.L,Manganese Bronze Holdings plc
MFX.L,MANX FINANCIAL
MARL.L,Mariana Resources
MKS.L,Marks & Spencer plc
MSLH.L,Marshalls plc
MARS.L,MARSTONS
MNP.L,Martin Currie Portfolio IT plc
MTEC.L,Matchtech Group
MAT.L,Matica
MTA.L,Matra Petrol
MERE.L,Matrix European Real Estate IT
MIX.L,MATRIX INC & GRW GB
MIG4.L,Matrix Inc & Gwrth 4 VCT
MIG.L,Matrix Income & Growth 2 VCT
MIXT.L,Matrix Income & Growth VCT 3
MTW.L,Mattioli Woods
MIG1.L,MAVEN I&G
MAV4.L,MAVEN INC & GROWTH
MIG2.L,MAVEN INC & GWT 2
MIG3.L,MAVEN INC & GWT 3
MVW.L,Mavinwood
MXM.L,MAXIMA GB
MWB.L,Maylebone Warwick
MPG.L,Maypole Group
MCB.L,McBride plc
MCI.L,MCINERNEY HLDGS
MCKS.L,McKay Securities plc
MDY.L,MDY Healthcare
MER.L,MEARS GROUP
MEC.L,MECOM GROUP
MVC.L,Medavinci
MDC.L,Media Corp
MSQ.L,MEDIA SQUARE
MDZ.L,MEDIAZEST
MXF.L,Medicx Fund
MOG.L,MEDIT OIL & GAS
MDW.L,MEDIWATCH
MGGT.L,Meggitt plc
MJT.L,Melchior Japan Investment Trust
MLO.L,Melorio
MRO.L,MELROSE PLC
MRS.L,MELROSE RESOURCES ORDINARY SHA
MNZS.L,Menzies (John) plc
MRC.L,Mercantile Investment Trust
MHG.L,MERCHANT HSE GRP
MERC.L,Merchant Sec
MRCH.L,Merchants Trust
MRG.L,MERCURY RECYCLING GRP PLC 10P
MES.L,Messaging International
MRX.L,Metalrax Group plc
MTL.L,METALS EXPLORA GB
MTT.L,METAL-TECH
MET.L,Metro Baltic Horizons
MRM.L,METRODOME GROUP
MPI.L,MICHAEL PAGE INTL PLC ORD 1P
MBH.L,MICHELBERSH BRICK GB
MCRO.L,Micro Focus International
MCGN.L,Microgen Holdings plc
MWY.L,Mid Wynd Int.
MIGT.L,Midas Inc & Growth
MCT+.L,Middlefield Canadian Inc Tst Inv
MST.L,Mid-States plc
MSG.L,Milestone Group
MLC.L,Millennium & Cop
MIO.L,MINCO PLC ORD IEP 0.01
MIRL.L,Minera IRL
MNR.L,Minerva Plc
MIN.L,Minoan Group
MPS.L,MINORPLANET SYS
MPM.L,Minster Pharm
MIRA.L,Mirada
MCAP.L,Mission Capital
MSY.L,Misys plc
MAB.L,MITCHELLS & BUT
MTH.L,Mithras Inv. Trust
MTO.L,Mitie Group plc
MCRB.L,Mobile Credit Baltic
MDG.L,Mobile Doctors Group
MOS.L,Mobile Streams
MBT.L,Mobile Tornado Group
MWG.L,Modern Water
MLIN.L,Molins plc
MNDI.L,Mondi Plc
MONY.L,Moneysupermarket.com Plc
MNKS.L,Monks I.T.
MTE.L,Montanaro European Smaller Co
MTU.L,Montanaro UK
MWJ.L,MORANT WRI JPN
MGCR.L,Morgan Crucible Co plc
MGNS.L,Morgan Sindall plc
MRW.L,Morrison (Wm) Supermarkets plc
MOR.L,Morse Holdings plc ord 10p
MRN.L,Morson Group
MOSB.L,Moss Brothers Group plc
MTC.L,Mothercare
MCM.L,Motivcom
MTV.L,MOTIVE TV
MCHL.L,MOUCHEL PLC ORD 0.25P
MOU.L,Mount Engineering
MTVW.L,MOUNTVIEW ESTS
MPE.L,MP Evans Grp
MSI.L,MS INTERNATIONAL ORDINARY SHS
MWE.L,MTI Wireless Edge
MKLW.L,Mucklow (A.J.) Group plc
MUL.L,MULBERRY GROUP
MUR.L,MURGITROYD GROUP
MUT.L,Murray Intl
MYI.L,Murray Investment Trust
MWA.L,Mwana Gold
MBE.L,MWB BUSIN EXCH
NAD.L,Namakwa Diamonds
NBR.L,Namibian Res
NANO.L,NANOCO GRP
NBP.L,NARBOURO PLANT
EQQQ.L,NASDAQ-100 EUROPEAN TRACKER SHS NPV
NASA.L,NASSTAR
NSN.L,NATASA MINING
NEX.L,Nat'l Express Group plc
NG.L,Natl Grid Group
NGR.L,NATURE GRP
NPE.L,Nautical Petrlm
NUS.L,Nautilus Minerals Inc.
NBPC.L,Naya Bharat Property Co PLC
NCC.L,NCC Group
NEP.L,Neptune-Calculus Inc&Growth VCT
NSR.L,Nestor-BNA plc
NBT.L,Netbenefit Plc Ord 1p
NET.L,NETCALL
NETD.L,Netdimensions (Holdings)
NPT.L,Netplay TV
NSV.L,Netservices
NGH.L,NETWORK GRP HLDS
NTY.L,NETWORK TECH
NWKI.L,Networkers Intl
NUT.L,NEUTRAHEALTH
NBPO.L,New Britain Palm Oil
NCA.L,New Century AIM VCT
NCYF.L,New City High Yield Fund
NEPI.L,New Europe Property Investments
NII.L,New India Inv
NSI.L,NEW STAR INV TST
NBS+.L,Newcastle Building Society
NWT.L,Newmark Security
NFC.L,Next Fifteen Com
NXT.L,Next plc
NGG.L,NEXTGEN GROUP
NXS.L,Nexus Management
NICL.L,Nichols (J.N.) plc
URU.L,NIGER URANIUM
HAWK.L,Nighthawk Energy
NOA.L,Noble Aim VCT
NBL.L,Noble Investments (UK)
NXR.L,Norcros
NLD.L,Nordic Land
NGL.L,Norseman Gold
NAM.L,NORTH AMER BANK
NAS.L,North Atl. Smlr
NMD.L,NORTH MIDLAND
NRRP.L,North River Resources
NTA.L,Northacre Plc Ord 2.5p
NAR.L,Northamber plc
NBI.L,Northbridge Industrial Services
NTV.L,NORTHERN 2 VCT
NTN.L,NORTHERN 3 VCT
NFDS.L,Northern Foods plc
NRK+.L,Northern Rock
NTG.L,NORTHGATE PLC ORD 5P
NOT+.L,Nottingham Building Society
NVA.L,Novae Group
NVTA.L,Noventa
NVE.L,NOVERA ENERGY
NWG.L,NRTHMBRN WATER
NOP.L,NTHN PETROLEUM
NRI.L,Nthn. Investors
NVT.L,Nthn. Venture
NUM.L,NUMIS CORP
NWF.L,NWF GROUP
NTX.L,NXT PLC
NYO.L,NYOTA MINER NPV
OTE.L,O Twelve Estates
OAH.L,Oak Holdings
OCL.L,Oakley Capital Investments
OPT.L,OCEAN PWR TECH
OCN.L,Ocean Wilson
OOA.L,Octopus AIM VCT
OPHX.L,OCTOPUS PHOENIX
OSA.L,OCTOPUS SND D
OEC1.L,OCTOPUS VCT
OPF.L,OFF PLAN FD NPV
OFF.L,OFFICE2OFFICE GB
OHM.L,OFFSHORE HYDRO GB
OEX.L,Oilex Nl
OML.L,Old Mutual Plc Ord 10p
ODX.L,Omega Diag
OIH.L,OMEGA INSURANCE
OCR.L,ONECLICKHR PLC ORD 1P
ONL.L,On-Line PLC
OPD.L,OPD Group
OSG.L,Opsec Sec Grp
OPET.L,OPTARE
OPTS.L,Optos
ORA.L,Ora Capital Partners
OCH.L,Orchid Developments Group
OGN.L,Origin Enterprises
OPP.L,ORIGO PARTNERS
ORM.L,Ormonde Mining
ORPK.L,ORPAK SYSTEM
ORT.L,ORTUS VCT
OIG.L,Oryx Int'l Growth
OMH.L,Osmetech Plc
OTM.L,OTTOMAN FD
OVG.L,Ovoca Resources
OXE.L,Oxeco
ONG.L,OXF NUTRASCI GRP
OXA.L,Oxford Adv Surf
OXB.L,Oxford Biomedica
OCG.L,Oxford Catalysts Group
OXIG.L,Oxford Instruments plc
OMG.L,Oxford Molecular Group plc
OTT.L,OXFORD TECH
OXT.L,Oxford Tech Venture
OXS.L,OXUS MINING PLC ORD 1P
PIC.L,Pace Micro
PAC.L,Pacific Assets
PHI.L,Pacific Horizon
PHU.L,Pactolus Hungarian Property
PAP.L,PADDY POWER PLC ORD EUR 0.10
PMS.L,Palmaris Capital
PRE.L,Pan Andean Resources plc
PPA.L,Pan Pacific Aggregates
PDF.L,Pangea Diamondfields
PMR.L,Panmure Gordon
PIN.L,Pantheon Int.
PLEI.L,Pantheon Leisure
PANR.L,Pantheon Resources
PNS.L,Panther Securities plc
PAQ.L,PAQ International Holdings
PAG.L,Paragon Group
PTY.L,Parity plc
PKG.L,Park Group
PMG.L,Parkhead Group
PKW.L,Parkwood Holdings
PRTY.L,Partygaming
PGD.L,Patagonia Gold
PTS.L,PATSYSTEMS
PAY.L,PAYPOINT GB
PAYZ.L,Payzone
PSON.L,Pearson plc
PHO.L,Peel Hotels Plc Ord
PDG.L,Pendragon plc
PGL.L,PENINSULAR GOLD
PNA.L,Penna
PEN.L,Pennant Intl Grp Plc Ord
PAV.L,Pennine Aim Vct.
PND.L,PENNINE DOWN 2
PNN.L,Pennon Group plc ord
PPR.L,PENTAGON PROT.
PLI.L,"Perptl, I&G Inv."
PNG.L,PERSIAN GOLD
PSN.L,Persimmon plc
PNL.L,Personal Assets
PGH.L,PERSONAL GROUP HOLDINGS PLC
PEG.L,Petards Group
PTMN.L,Petmin
PDL.L,PETRA DIAMONDS LD ORD 10P
PET.L,PETREL RESOURCES PLC ORD 1P
PCI.L,Petroceltic Int
PFC.L,PETROFAC WI
PELE.L,Petrolatine Energy
PTR.L,Petroneft Resources
POG.L,PETROPAVLOVSK
PGS.L,PGS Solutions
PNX.L,PHOENIX IT GROUP
PHRM.L,Phorm
PHTM.L,Photo-Me Int'l plc
PHSC.L,PHSC
PYC.L,PHYSIONOMICS GB
PYM.L,Phytopharm
PGB.L,PILAT MEDIA GBL
PWS.L,PINEWOOD-SHEPP GB
PCL.L,Pinnacle Staffing Group
PINN.L,PINNACLE TEL
PIP.L,PIPEHAWK PLC ORD 1P
PTD.L,Pittards
PPT.L,Planet Group
PHC.L,PLANT HEALTH CARE GB
PIM.L,Plant Impact
PLNT.L,Plantic Technologies
PLA.L,Plastics Capital
PPN.L,Platmin
PTEC.L,Playtech
PLW.L,PLAYWIZE ORD
PLAZ.L,Plaza Centers N.V.
PLE.L,PLETHORA S HLDGS
POS.L,Plexus Holdings
PMK.L,Plus Markets Grp
PCH.L,POCHINS ORD 25P
POLR.L,Polar Capital Holdings
PCT.L,Polar Capital Technology Trust
PRL.L,POLO RESOURCES
PMP.L,Portmeirion Potteries plc
PST.L,Portrait Soft
PRV.L,Porvair plc
POWR.L,Powerflute OYJ
PRA.L,PRAESEPE
PFL+.L,Premier Farnell
PFL.L,Premier Farnell Electronics plc
PFD.L,Premier Foods
PMO.L,Premier Oil plc
PRF.L,Premier Renewable Energy Fund
PPTC.L,PRESIDENT PET
PRES.L,Pressure Technologies
PNE.L,PRESTON NTH END
PRZ.L,PREZZO
PHP.L,Primary Health
PACC.L,Prime Act Cap
PFO.L,PRIME FOC LON
PRP.L,PRIME PEOPLE
PEY.L,Princess Private Equity Holding
PDC.L,PRINTING.COM GB
PCF.L,Private & Commercial Fin Group
PEQ.L,Private Equity Investor
PEW.L,Prmr Enr & Water
PHD.L,Proactis Holdings
PBTY.L,Probability
PRD.L,Prodesse Investment
PGC.L,Prologic
PTH.L,PROMETHEAN
PROP.L,Property Recycling Group
PEJR.L,Prospect Epicure J-REIT Val Fd
PJF.L,PROSPECT JAPAN GB
PMHL.L,Prosperity Minerals Holdings
PSK.L,PROSTRAKAN WI
PRM.L,PROTEOME SCIENCES ORDINARY SHA
PPS.L,Proton Power Systems
PTX.L,Protonex Technology Corporation
PGOO.L,PROV GROWTH INC
PVN.L,PROVEN VCT
PROV.L,Proventec
PXS.L,Provexis
PFG.L,Providant Financial plc
PRX.L,Proximagen Neuroscience
PRU.L,Prudential Corp plc
PON.L,Psion plc
PSD.L,Psource Structured Debt
PSPI.L,Public Service Properties Inv
PTO.L,PUBLISHING TECH
PNB.L,PUBS N BARS PLC ORD 20P
PMV.L,Puma VCT II
PUMC.L,Puma VCT III
PUB.L,PUNCH TAVERNS PLC ORD SHS
PUR.L,PURE WAFER GB
PURE.L,Purecircle
PURI.L,Puricore
PDX.L,PURSUIT DYNAMICS PLC ORD 1P P
PVCS.L,PV Crystalox Solar
PZC.L,PZ CUSSONS
QQ.L,QinetiQ Group
QTI.L,Qonnectis
QDG.L,Quadrant Group
QFI.L,Quardr Fuel Intl
QRT.L,Quarto Group
QYM.L,Quayle Munro
QWIL.L,QUEEN S WALK WI
SVC2.L,Quester VCT 4
SVCT.L,Quester Vct Plc
QED.L,Quintain Estates & Development
RE.L,R.E.A. HLDGS PLC ORD 25P
RGI.L,R.G.I. International (WI)
RAB.L,RAB Capital
RSS.L,RAB Special
RDP.L,Radicle Projects
RAM.L,Ram Inv Grp
RMM.L,RAMBLER METALS
RQIH.L,Randall & Quilter Invest. Hldgs
RRS.L,RANDGOLD RESOURCES LD ORD
RNK.L,Rank Organisation plc
RNSM.L,Ransom (William)
RRF.L,Rapid Realisations Fd
RAT.L,Rathbone Brothers plc
RAY.L,RAYMARINE GB
RCG.L,RCG Holdings
RTT.L,RCM Technology
RLE.L,REAL ESTATE INV
REO.L,REAL ESTATE OPPORT LTD 1P
RGD.L,Real Good Food Company
REAL.L,Real Office Group
RB.L,Reckitt Benckiser
RLH.L,Red Leopard Holdings
RRR.L,Red Rock Resources
REDT.L,RED24
RHL.L,Redhall Group
RDW.L,Redrow Group plc
RED.L,REDSTONE TELECOM PLC ORD 5P
REL.L,Reed Elsevier
RPT.L,REGAL PETROLEUM
RGT.L,REGEN THERAPEUT
RGS.L,Regenersis
RGU.L,REGUS PLC ORD 5P
RUG.L,Renaissance
RENE.L,ReNeuron Group
RNWH.L,Renew Holdings
WIND.L,RENEWABLE EGY
REH.L,RENEWABLE ENERGY
RPL.L,Renewable Power & Light
RSW.L,Renishaw plc
RNO.L,Renold plc
RNVO.L,Renovo Group
RBG.L,Rensburg
RSB.L,Rensburg Aim Vct
RTO.L,Rentokil Group plc
RIIG.L,Res In Insurance
RSL.L,Resolution
RTN.L,Restaurants Group plc
REX.L,REXAM plc
RHEP.L,Rheochem
RCDO.L,Ricardo Group plc
RICX.L,RICHOUX GROUP
RCAP.L,RICMORE CAPITAL
RMV.L,Rightmove
RIIC.L,Rights & Iss. Cap.
RIII.L,RIghts & Iss. Inc.
RIO.L,Rio Tinto Plc
RCP.L,RIT Capital Part
RM.L,RM plc
RWA.L,ROBERT WALTERS PLC ORD 20P
RBN.L,ROBINSON PLC GB
RTS.L,Robotic Technology Sys Plc 1p
RKH.L,ROCKHOPPER EXP
ROE.L,ROEFORD PROPRTS
ROK.L,ROK Property
RR.L,Rolls-Royce plc
ROM.L,Romag Holdings
RGP.L,Ross Group
ROL.L,Rotala
ROR.L,Rotork plc
RSA.L,Royal & Sun Alliance Insurance Group
RBS.L,Royal Bank Scotland plc
RDSA.L,Royal Dutch Shell
RDSB.L,Royal Dutch Shell B
RPC.L,RPC Group plc
RPS.L,RPS Group plc
TNO.L,RSM TENON GRP
RUBI.L,Rubicon Software Group
RUGB.L,Rugby Estates Investment Trust
RES.L,Rugby Estates plc
RUR.L,RURELEC GB
RMLA.L,RUSINA MINING
RTY+.L,Rutley European Property
RYA.L,Ryanair Holdings plc ord
SUS.L,S & U plc
SAB.L,SAB Miller
SNT.L,Sabien Technology Group
SAF.L,Safeland
SAFE.L,Safestore Holdings
SGE.L,Sage Group plc
SBRY.L,Sainsbury (J) plc
SMDR.L,Salamander Energy
SED.L,Saltus European Debt Strategies
SND.L,SANDERSON HLDGS GB
SAND.L,SANDVINE
SANS+.L,SANTAND 10 3/8
SAR.L,SAREUM HOLDINGS GB
SGH.L,SATCOM GRP
SAVG.L,Savile Grp
SVS.L,Savills plc
SCPA.L,Scapa Group plc
SDP.L,Schroder Asia
SCF.L,Schroder Inc.
SJG.L,Schroder Japan
SCP.L,Schroder M&S Fd
SOI.L,Schroder Oriental Income Fund
SDU.L,Schroder UK
SDRC.L,Schroders N/V
SDR.L,Schroders plc
SSY.L,SCISYS
SST.L,Scot. Orntl. Smll.
SCAM.L,Scotland American Invest
SCIN.L,Scotland Invest Trust
SMT.L,Scotland Mtge Trust
SWG.L,Scott Wilson Group
SSE.L,Scottish & Southern Energy plc ord 50p
SCO.L,SCOTTY GROUP
SDL.L,Sdl Plc Ord 1p
SEAE.L,SEAENERGY
STS.L,Secs Trust of Scotland
SEE.L,SEEING MACHINES
SER.L,SEFTON RESOURCES INC COM SHS N
SGRO.L,SEGRO
SNR.L,Senior Engineering Group plc
SEPU.L,Sepura
SRB.L,SERABI MINING
SRP.L,Serco Group plc
SQZ.L,SERICA ENERGY WI
SVO.L,Service Office Group
SVR.L,SERVICEPOWER TECH PLC ORD 10P
SEV.L,SERVISION GB
SVCA.L,Servoca
SFR.L,SEVERFIELD-ROWEN PLC
SVT.L,Severn Trent Water plc
SHB.L,Shaftesbury plc
SKS.L,Shanks Group PLC
SHG.L,SHANTA GOLD
SCAP.L,Shariah Capital
SHDP.L,Shed Productions
SHP.L,Shire Pharmaceutical
SHRS.L,Shires Income Plc
SHD.L,Shires Smlr. Co.
SGR.L,SHORE CAPITAL GROUP PLC ORD 2P
SHI.L,SIG plc
SGM.L,SIGMA TECH
SIG.L,SIGNET JEWELERS
SNS.L,Silanis International
SLN.L,Silent Therapy
SID.L,Silverdell
SIM.L,Simigon
SNCL.L,Sinclair (Wm) Holdings plc
SPH.L,Sinclair Pharm
SFT.L,Sinosoft Technology
SXX.L,Sirius Exploration
SRSP.L,SIRIUS PETROLEUM
SSV.L,Siteserv
SKI+.L,Skipton Building Society
SKHG.L,Sky High
SKP.L,Skyepharma
SLM.L,Slimma
SLNG.L,SLINGSBY
SDV.L,Small Co's Dividend Trust
SMJ.L,Smart (J) & Co plc
STF.L,SMARTFOCUS GROUP GB
SN.L,Smith & Nephew Cos plc ord 10p
SMDS.L,Smith (David S) Holdings plc
SMWH.L,Smith (W.H.) Group plc
SMIN.L,Smiths Industries plc
NWS.L,Smiths News
SKG.L,Smurfit Kappa(WI)
SIA.L,Soco Int'l
SPFL.L,SOFIA PROPERTY
SRT.L,Software Radio Technology
SSP.L,SOLID STATE SUPL
SOLO.L,SOLO OIL
SOLG.L,Solomon Gold
SOM.L,Somero Enterprise
SON.L,Sony Corporation
SPE.L,SOPHEON PLC
SORB.L,SORBIC INTL
SOU.L,SOUND OIL
SBSC.L,Sourc Bioscience
SAPO.L,South African Property Opps
STBR.L,Southern Bear
SCHE.L,Southern Cross Healthcare
SVN.L,Sovereign Rev
SAL.L,SPACEANDPEOPLE GB
SPK.L,Spark Ventures
SEGR.L,SPECIALIST ENER
SXS.L,Spectris PLC
SIN.L,SPECTRUM INTER
SDY.L,Speedy Hire
SYG.L,Speymill
SDIC.L,Speymill Deutsche Immobilien Co
MCAU.L,Speymill Macau Property Company
SPI.L,SPICE
SPX.L,Spirax-Sarco Engineering plc
SPT.L,SPIRENT PLC ORD 3 1/3P
STP.L,Spiritel Plc
SPO.L,Sportech NP
SBT.L,SPORTINGBET PLC ORD 0.1P
SPD.L,Sports Direct International
SPMG.L,Sports Media Grp
SWB.L,SPORTSWINBET
SQS.L,SQS SOFT QLTY
SR.L,SR Europe Investment Trust
SSL.L,SSL International plc ord 10p
STJ.L,St James's Place
SPPC.L,St Peter Port Capital
SIV.L,St. Ives plc
SMP.L,St. Mowden Properties plc
SDM.L,Stadium Group
STAF.L,STAFFLINE GRP
SGC.L,Stagecoach Holdings plc
STA.L,STAGECOACH THRTR
SLET.L,Stand Life Eq
STAN+.L,Standard Chartered
STAN.L,Standard Chartered plc
SL.L,Standard Life
SEP.L,Standard Life Euro Pri Eqty Tst
SLI.L,Standard Life Inv
SEO.L,Stanelco
SGI.L,STANLEY GIBBONS GROUP LD ORD 1P
SVE.L,Starvest
SOG.L,STATPRO GRP PLC ORD 1P
SEY.L,STERLING ENERGY
SGG.L,Sterling Green Group
STE.L,Stewart and Wight
STHR.L,SThree
STL.L,Stilo International
STM.L,STM Group
STOB.L,Stobart Grp
SKC.L,STOCKCUBE
STT.L,STRAIGHT PLC
STR.L,STRAT THOU GRP
SEC.L,STRATEGIC EQ CAP
STI.L,STRATEX INTL
STTM.L,Strontium
STVG.L,STV Group
STY.L,Styles & Wood Group
SUMM.L,Summit Corp
SDS.L,SUNRISE DIAM
SC.L,Supercart
SPGH.L,Superglass Holdings
SOR.L,Supporta
SCE.L,SURFACE TRNFORM
SUN.L,SURGICAL INNOV
SUH.L,SUTTON HARBOUR
SVI.L,SVG Capital
SVG.L,SVM Global Fund PLC
SVM.L,SVM OFEX FUND PLC
SVU.L,SVM UK Active
SWL.L,Swallowfield plc
SWP.L,SWP Group
SLV.L,Sylvania Resources
SYM.L,SYMPHONY PLASTIC
SNG.L,Synairgen
SYNC.L,Synchronica
SAM.L,Syndicate Asset Management
SYR.L,SYNERGY HEALTHCARE PLC ORD
SYN.L,Syntopix Group
SYS.L,SYSTEM C HEALTH
TPF.L,Taliesin Property Fund
TALV.L,Talvivaara Mining Company
TND.L,TANDEM GROUP
TAN.L,TANFIELD GROUP
TNG.L,Tangent Comm
TIC.L,TAPESTRY INC CO PCC
TRS.L,Tarsus Group
TAST.L,Tasty
TATE.L,Tate & Lyle plc
TAU.L,Tau Capital
TAW.L,Tawa
TW.L,Taylor Wimpey plc
TBK.L,Ted Baker
TEG.L,Teg Environment
TCY.L,Telecity Group
TEP.L,TELECOM PLUS PLC ORD .05P
TPH.L,Telephonetics
TNW.L,Teleset Networks
TEF.L,TELFORD HOMES
TCM.L,TELIT COMMS
TIL.L,Tembusu Investments
TMP.L,Templar Minerals
TMPL.L,Temple Bar
TEM.L,Templeton Emerging Market
TAL.L,TEN ALPS COMMS
THG.L,TERRACE HILL GROUP PLC
TSCO.L,Tesco plc
TXH.L,Tex Holdings
TRMA.L,Thames River Multi Hedge PCC
TRM.L,Thames River Multi Hedge PCC
THB.L,THB GROUP
TMMG.L,The Mission Marketing Group
TFL.L,THEO FENNELL
TPOU.L,THIRD POINT OFFSHORE INVESTORS
TQC.L,THIRD QUAD CAP
TCG.L,Thomas Cook Group
THR.L,Thor Mining
THT.L,Thorntons plc
TFW.L,Thorpe (FW) plc
THRG.L,Throgmorton Trust
TIR.L,TIGER RESOURCE
TIK.L,TIKIT GROUP
TIME.L,Timestrip
TSW.L,TITAN EUROPE GB
TXR.L,TITANIUM RES
TON.L,Titon Holdings plc
TTV.L,TLN Group
TMC.L,TOLEDO MINING GB
TOL.L,TOLUNA
TOMK.L,Tomkins plc
TLDH.L,TOP LEVEL DOMAIN
TPT.L,Topps Tiles
TRK.L,Torotrak Plc Ord 10p
TOT.L,Total Produce
TTS.L,Total Systems
TLY.L,TOTALLY
TTNM.L,Tottenham Hotspur plc
TOU.L,Touch Group
TMZ.L,TOUMAZ HLD
TRP.L,Tower Resources
TCSC.L,TOWN CENTRE SECURITIES PLC
TOYE.L,TOYE
TRG.L,Tr Eur. Growth
TRYA.L,TR Property Investment Trust Sigma
TRY.L,Tr. Prop. Inv. Trust
TRCS.L,Tracsis
TRE.L,TRADING EMMISION
TFC.L,TrafficMaster plc
TRAK.L,TRAKm8 Holdings
TRT.L,TRANSENSE TECHNOLOGIES PLC ORD
TSG.L,TRANS-SIBER GOLD
TVZ.L,Travelzest
TPK.L,Travis Perkins plc
TET.L,Treatt plc
TRVT.L,TREVERIA
TRD.L,Triad Group
TRB.L,TRIBAL GROUP PLC ORD 1P
TCN.L,TRICORN GROUP
TRI.L,Trifast plc
TRC.L,Trinity Capital
TNI.L,Trinity Int'l Holdings plc
TPJ.L,Triple Plate
TSTL.L,Tristel
TIGT.L,TROY INC & GRW
TSEG.L,TSE Group
TTG.L,TT Group plc
TT.L,TUI TRAVEL
TLPR.L,Tullett Prebon
TLW.L,Tullow Oil
TPS.L,Turbo Power Systems
TRBO.L,Turbotec Products
TWE.L,Twenty
TXO.L,TX OIL & GAS
TYR.L,Tyratech
UBC.L,UBC MEDIA GRP PLC ORD 1P
UKC.L,UK Coal Prices
UKCM.L,UK Commercial Property Plc
UKM.L,UK MAIL GRP
UKT.L,UK SELECT TRUST
UKRO.L,Ukraine Opportunity Trust
UKR.L,UKRPRODUCT GROUP
UTV.L,Ulster Television plc
UFG.L,ULTIMATE FIN GRP
ULE.L,Ultra Elec.
ULT.L,Ultrasis Plc
UEP.L,UMC Energy
UMC.L,UMECO plc
UAV.L,UNICORN AIM VCT
UAVT.L,Unicorn AIM VCT II
ULVR.L,Unilever plc
UNIQ.L,Uniq PLC
UTG.L,Unite Group Plc Ord 25p
UCP.L,Unitech Corporate Parks
UBM.L,UNITED BUSINESS MEDIA PLC 25P
UDG.L,United Drugs
UU.L,United Utilities plc
UNG.L,Universe Group
UVEL.L,UNIVISION ENG
UEN.L,URALS ENG PUB WI
UML.L,URANIUM
URA.L,URANIUM RES
UCG.L,UTD CARPET GRP
UTL.L,Utilico
UEM.L,UTILICO EM MKTS
VAL.L,Valirx
VIN.L,Value & Income
VCF.L,VALUE CATAL FD
VML.L,Vane Minerals
VTS.L,VANTIS
VGMS.L,VATUKLA GLD MN
VEC.L,VECTURA GROUP GB
VED.L,VEDANTA RESOURCES GB
VELO.L,Velosi
VEL.L,VELTI
VER.L,VERNALIS
VERO.L,Vero Software
VRP.L,Verona Pharma
VTU.L,Vertu Motors
VIY.L,Vialogy
VOG.L,VICTORIA OIL GB
VCP.L,Victoria Plc
VICT.L,VICTORY VCT
VCT.L,Victrex
VOF.L,VINACAP VIETNAM
VDN.L,VINDON HEALTH
VIR.L,Viridas
VLK.L,Vislink
VTC.L,Vitec Group plc
VIS.L,VITESSE MED PLC ORD 10P EX-ENT
VOD.L,Vodafone Group plc
VLX.L,Volex Group plc
VGAS.L,Volga Gas
VKW.L,VOLKSWAGEN AG
VLE.L,Volvere PLC Ord 0.00001p
VP.L,VP Plc
VTG.L,VT GROUP
WHI.L,W.H. IRELAND
WCW.L,Walker Crips Weddle
WGB.L,Walker Greenbank plc
WSG.L,Warburg SG Group
WNER.L,Warner Estate Holdings plc
WTH.L,Water Hall Group plc
WTM.L,Waterman Group
WET.L,Watermark Global
WFC.L,Watford Leisure
TWL.L,Weather Lottery (The
WTI.L,WEATHERLY INTL
WEBH.L,Webis Holdings
WEIR.L,Weir Group plc
WSM.L,Wellstream Holdings
WCC.L,West China Cement
WEST.L,Western & Oriental
WTN.L,WESTERN COAL
WHL.L,WESTHOUSE HLDNGS
WTE.L,WESTMOUNT ENERGY
WST.L,Westside Acquisitions
JDW.L,Wetherspoon (J D) plc
WFCA.L,WFCA
WTB.L,Whitbread plc
WICH.L,Wichford
WMH.L,WILLIAM HILL PLC
WIL.L,WILMINGTON GROUP
WNN.L,WIN GB
WIN.L,Wincanton PLC
RWD.L,Wiseman (Robert) Dairies plc
WTAN.L,Witan Invest Ord
WPC.L,Witan Pac Inv
WBN.L,WOBURN ENERGY
WLF.L,Wolfson Microelectronics
WOS.L,WOLSELEY
WG.L,WOOD GRP (JOHN) ORD 3 1/3P
WORK.L,Work Group
WSI.L,Workplace Systems
WKS.L,Works Media
WKP.L,Workspace Group
WOR.L,WORLD CAREERS
WTR.L,WORLD TRUST FUND
WRN.L,Worthington Group plc
WPP.L,WPP Group plc
WREN.L,WREN EXTRA CARE
WSH.L,WSP Group plc
WYGR.L,WYG
WYN.L,WYNNSTAY GROUP GB
WSP.L,WYNNSTAY PROPS
XAR.L,XAAR Plc
XCH.L,Xchanging PLC
XCT.L,XCounter Ab
XPP.L,XP POWER
XPT.L,XPLOITE
XTA.L,Xstrata Plc
XTR.L,Xtract Energy
YCO.L,YCO GROUP
YELL.L,YELL GROUP
YGH.L,YINGGAO HLDGS
YOU.L,YOUGOV
YNGA.L,Young & Co's Brewery plc
YSP.L,YOUR SPACE PLC ORD 1P
YULC.L,Yule Catto & Co plc
ZMNO.L,Zamano
ZCC.L,ZCCM INV HLDGS
ZEN.L,Zenergy Power
ZEST.L,Zest Group
ZTR.L,ZETAR GB
ZOX.L,ZINCOX RESOURCES
ZOO.L,ZOO DIGITAL GRP
ZTF.L,Zotefoams plc
ZYT.L,ZYTRONIC PLC ORD 1P
