1pm,OPM.L
1ST DENTAL LABORATORIES 10P,FDT.L
2 Ergo Group,RGO.L
21st Century Technology,C21.L
32RED,TTR.L
3I Group plc,III.L
3I Infrastructure,3IN.L
4Imprint Group,FOUR.L
600 Group plc,SIXH.L
888 Holdings,888.L
Abbey,ABBY.L
Abbeycrest plc,ACR.L
Abcam,ABC.L
Aberdeen Asian Income Fund,AAIF.L
Aberdeen Asian Small Company I T,AAS.L
ABERDEEN ASSET MANAGEMENT PLC,ADN.L
Aberdeen New Dawn I T,ABD.L
Aberdeen New Thai I T,ANW.L
Aberforth Geared,AFH.L
Aberforth Small Company I T,ASL.L
Ablon Group,ABL.L
ABondN DEV Cap,AVC.L
Abrdn All Asia,ABAA.L
ABSOLUTE RTN TST,ABRT.L
Acal plc,ACL.L
ACCESS INTELLIG GB,ACC.L
Accident Exchange Group,ACE.L
Accsys Technologies,AXS.L
Accuma Group,ACG.L
Acencia Debt Strategies Ltd,ACD.L
ACM Shipping Group,ACMG.L
Acorn Income Fd Ld Ord 25p,AIF.L
ACP CAPITAL,APL.L
Active Capital,AIT.L
Acuity VCT 2,AQT2.L
ADALTA REAL,ADAR.L
AdEPT Telecom,ADT.L
ADMIRAL GROUP GB,ADM.L
Advance Developing Mkts Tst,ADD.L
Advance Frontier Markets Fund,AFMF.L
Advance UK Trust,ADU.L
Advanced Medical Solutions,AMS.L
Advanced Power Components,APC.L
ADVENTIS GROUP GB,ATG.L
ADVFN,AFN.L
AEA Technology,AAT.L
AEC EDUCATION GB,AEC.L
Aegis Group plc,AGS.L
Aer Lingus Group,AERL.L
AFC Energy,AFC.L
AFNAT RESOURCES,AFNR.L
AFREN,AFR.L
Africa Opportunity Fund,AOF.L
African Consolidated Resources,AFCR.L
AFRICAN COPPER,ACU.L
AFRICAN DIAMONDS,AFD.L
African Eagle,AFE.L
African Medical Investments,AMEI.L
AGA Foodserve Group,AGA.L
Aggreko,AGK.L
AGI Therapeutics,AGI.L
AGRITERRA,AGTAR.L
AI Claims Sol,ACS.L
AIM Distribution Trust,AMD.L
AIM Investment,AIMA.L
Air Partner Plc Ord 5p,AIP.L
Airea,AIEA.L
Airsprung Furniture Group plc,APG.L
Aisi Realty Public,AISI.L
AKERS BIOSCIENCE,AKR.L
ALB TECH & GEN,AATG.L
Alba Mineral Resources,ALBA.L
Albany Investment Trust,ABNY.L
Albermarle & Bond Plc Ord 4p,ABM.L
ALBION DEVPT,AADV.L
ALBION PRCT VCT,AAPV.L
Alea Group Holdings (Bermuda) Ld,ALEA.L
ALEX DAV SEC,ADS.L
Alexander Mining,AXM.L
Alexandra plc,AXD.L
Alexon Group plc,AXN.L
ALKANE ENERGY PLC ORD 0.5P,ALK.L
All Points North,APNO.L
ALLERGY THERAPEUT GB,AGY.L
Alliance Pharm,APH.L
Alliance Trust,ATST.L
Allianz Dres Tst,AZD.L
Allied Gold,AGLD.L
ALLIED HLTH INT,AHI.L
Allied Irish Banks,ALBK.L
Allocate Software,ALLA.L
ALLTRUE INVEST GB,ATR.L
Alpha Pyrenees Trust,ALPH.L
Alpha Strategic,APS.L
Alpha Tiger Property Trust,ATPT.L
Alphameric plc,ALM.L
ALT NETWORKS,AN.L
Alterian Plc,ALN.L
Alternative Asset Opps PCC,TLI.L
Alternative Invest Strategies,AIS.L
ALTITUDE GRP,ALT.L
ALTONA RES,ANR.L
Alumasc Group plc,ALU.L
Amazing Holdings,AMZ.L
Amber Cap,AMBR.L
AMEC plc,AMEC.L
Amerisur Res,AMER.L
AMIAD FILTER SYS,AFS.L
Aminex,AEX.L
AMINO TECH GB,AMO.L
AMLIN,AML.L
Amphion Innovations,AMP.L
Amur Minerals Corporation,AMC.L
Andes Ener,AEN.L
Andor Technology,AND.L
Andrews Sykes Group plc,ASY.L
Angel Biotechnology Holdings,ABH.L
ANGEL MINING,ANGM.L
Angelesey Mining,AYM.L
ANGLE PLC GB,AGL.L
Anglo & Overseas,AOT.L
Anglo American plc ord $0.50,AAL.L
Anglo Pacific Resources plc,APF.L
Anglo-Eastern Plantations plc,AEP.L
Animalcare Group,ANCR.L
Anite Group Inc Ord 10p,AIE.L
Ant,ANTP.L
ANTISOMA ORDINARY SHARE I:GB00,ASM.L
Antofagasta,ANTO.L
ANTRIM ENERGY CA,AEY.L
Aortech Intl Plc Ord 25p,AOR.L
Apace Media,APA.L
API Group plc,API.L
Aqua Bounty Technologies,ABTX.L
AQUARIUS PLATIUM LD SHS,AQP.L
Arbuthnot Bk Gr,ARBB.L
ARCHIAL GROUP,ARL.L
ARCHIPELAGO RES,AR.L
Arcontech Grp,ARC.L
Arden Partners,ARDN.L
Arena Leisure,ARE.L
Arian Silver Crp,AGQ.L
Ariana Resources,AAU.L
ARK THERAPEUTICS GB,AKT.L
Arm Holdings,ARM.L
Armor Designs,ADID.L
Armour Group plc,AMR.L
Arriva Plc,ARI.L
Artemis Alpha Trust,ATS.L
ARTEMIS VCT,AAM.L
ARTEON,ARTO.L
Artilium,ARTA.L
Artisan Uk Plc Ord .05p,ART.L
Ascent Resources,AST.L
ASG MEDIA,ASG.L
Ashley (Laura) Holdings plc,ALY.L
Ashley House,ASH.L
Ashmore Global Opp,AGOL.L
Ashmore Group,ASHM.L
Ashtead Group plc,AHT.L
ASIA DIGITAL HDS,ADH.L
Asia Resources,ASR.L
ASIAN GRT PRP,AGP.L
ASOS,ASC.L
Asset Man. I.T.,AMN.L
AssetCo,ASTO.L
Assoc Brit Foods plc,ABF.L
Associated Brit Engineering,ASBE.L
Assura Group,AGR.L
ASTAIRE GRP,ASTR.L
ASTEK GROUP,AKG.L
Asterand,ATD.L
Astrazeneca Plc Ord Shs $0.25,AZN.L
Atelis,ATEL.L
ATH RESOURCES,ATH.L
Athelney Trust Plc Ord 25p,ATY.L
Atkins WS,ATK.L
ATLANTIC Gbl,ATL.L
Atlantis Japan,AJG.L
Atlas Estates,ATLS.L
Augean,AUG.L
Aukett Assoc.,AUK.L
Aurelian Oil & Gas,AUL.L
Aurora Inv. Tst.,ARR.L
Aurora Russia,AURR.L
AUTOCLENZ HOLD,ACZ.L
Autologic Hldgs,ALG.L
Autonomy Corporation PLC,AUTN.L
Avacta Group,AVCT.L
Avanti Capital,AVA.L
Avanti Communications Group,AVN.L
Avarae Global Coins,AVR.L
Avesco Group,AVS.L
AVEVA GROUP,AVV.L
Avingtrans,AVG.L
Avis Europe,AVE.L
AVISEN,AVI.L
Aviva,AV.L
Avocet Mining,AVM.L
Avon Rubber Co plc,AVON.L
AXA Property Trust,APT.L
Axis-Shield Diagnostics plc,ASD.L
B.P. Marsh & Partners,BPM.L
Babcock Int'l Group plc,BAB.L
BAE SYSTEMS PLC,BA.L
Bailey (C.H.),BLEY.L
Baill. G. Jap.,BGFD.L
Baill. G. Shin.,BGS.L
Balfour Beatty,BBY.L
Baltic Oil Terminals,BTC.L
BANGO,BGO.L
Bank Ireland,BKIR.L
Bankers Investment Trust,BNKR.L
Baobab Resources,BAO.L
Baqus Group,BQS.L
BARCLAYS GLOBAL INVESTORS ENDO,BIF.L
Barclays plc,BARC.L
Baring Emer.eur.tst Wt/Sub Ord,BEE.L
Baronsmead,BVT.L
BARONSMEAD 4 DE,BNS.L
Baronsmead AIM VCT,BAV.L
BARONSMEAD VCT 3,BMD.L
Baronsmead Vct.,BDV.L
BARR (A.G.) PLC,BAG.L
Barratt Developments plc,BDEV.L
Batm Advanced Comm,BVC.L
BBA Group,BBA.L
BCB Holdings,BCB.L
BEALE plc,BAE.L
BEAZLEY GROUP,BEZ.L
BEDFORD ROW,BRWV.L
BEGBIES TRAYNOR GB,BEG.L
Belgravium Tech,BVM.L
Bellway plc,BWY.L
BEOWULF MINING,BEM.L
Berkeley Resources,BKY.L
Berkeley Tech,BEK.L
Berkly Min Res,BMRB.L
Best of The Best,BEST.L
Bezant Resources,BZT.L
Bg,BG.L
BGENUINETEC,BGTI.L
Bglobal,BGBL.L
BH Global,BHGG.L
BH Macro,BHM.E.L
BH Macro,BHM.G.L
BH MACRO LTD GBP,BHMG.L
BHP BILLITON PLC,BLT.L
BIDTIMES,BDT.L
BIG YELLOW GRP,BYG.L
BILLING SERVICES,BILL.L
BILLINGTON HLDNG,BILN.L
Biocompatibles Int'l plc,BII.L
Biofutures International,BIP.L
Bioquell Plc,BQE.L
Biotech Growth Trust,BIOG.L
Bisichi Mining,BISI.L
Black Arrow,BLKA.L
Black Sea Property Fund,BKSA.L
BlackRock Absolute Return Strat,BARS.L
BlackRock Comms Income Inv Tst,BRCI.L
Blackrock International Land,BLK.L
Blackrock Latin Amer,BRGE.L
Blackrock NE Eng,BRNE.L
Blackrock NW Enr,BRLA.L
Blackrock Smaller Co,BRSC.L
Blackrock World Mining,BRWM.L
Blacks Leisure Group plc,BSLA.L
BLACKSTAR GROUP,BLCK.L
BLAVOD BLK VODKA,BES.L
BLCRST ALBLU,BABS.L
Blinkx,BLNX.L
Bloomsbury Pub.,BMY.L
Blue Planet Euro Fin Inv Tst,BLP.L
BLUE PLANET FIN,BPW.L
BLUE PLANET NO3,BPFE.L
BLUE PLNT I.T.1,BPFA.L
BLUE STAR CAPITAL GB,BLU.L
BlueBay WI Plc,BBAY.L
Bluehone A Vct2,BHN.L
Bluestar Secutech,BSST.L
BODISEN BIOTECH,BODI.L
Bodycote Int'l plc,BOY.L
Bond Intl Software,BDI.L
Booker Group,BOK.L
Boot (Henry) & Sons plc,BHY.L
BORDER & SOUTH,BOR.L
Boundary Capital,BCP.L
Bovis Homes,BVS.L
BowLeven,BLVN.L
BP,BP+.L
BP PLC,BP.L
BR SMLR VCT2,BST.L
Br. Amer. Inv. Tst,BAF.L
Br. Empire Tst,BTEM.L
Br. Smaller Cos.,BSV.L
Brady,BRY.L
Braemar Group,BRG.L
BRAEMAR SEASCOPE,BMS.L
BRAIME,BMT.L
Braime T. F& J H.,BMTO.L
Brainjuicer Group,BJU.L
Bramdean Alternatives,BRAL.L
Brammer plc,BRAM.L
Braveheart Investment Group,BRH.L
Brewin Dolphin Holdings plc,BRW.L
BRIGHT THINGS GB,BGT.L
BRIGHTSIDE GROUP,BRT.L
Brinkley Mining,BRM.L
BRISTOL & WEST,BRS.L
Bristol and West Building Soc,BWS+.L
BRIT INSURANCE HOLDINGS PLC,BRE.L
British Airways plc,BAY.L
BRITISH AMERICAN TOBACCO PLC,BATS.L
British Assets Trust,BSET.L
British Land plc,BLND.L
British Polythene Industries,BPI.L
British Portfolio Trust,BPO.L
British Sky Broadcasting plc,BSY.L
BRITVIC WI,BVIC.L
BROOKS MACDONALD,BRK.L
Brown (N) Group plc,BWNG.L
Brulines (Holdings,BRU.L
Brunner Inv. Tst,BUT.L
BSS Group plc,BTSM.L
BT GROUP PLC,BT.L
Btg,BGC.L
Bulgarian Land Development,BLD.L
Bunzl plc,BNZL.L
BURBERRY GRP PLC ORD 0.05P,BRBY.L
Burst Media Corporation,BRST.L
Business Control Solutions Grp,BCT.L
BYOTROL,BYOT.L
C&C GROUP IE,CCR.L
Cable & Wireless plc,CW.L
Cadbury Schweppes plc,CBRY.L
Cadogan Petroleum,CAD.L
Caffyns,CFYN.L
Cairn Energy plc,CNE.L
CALEDON RES,CDN.L
Caledonia Investments plc,CLDN.L
CALEDONLAN TRUST PLC ORD 20P,CNN.L
Camco International,CAO.L
CAMELLIA,CAM.L
Camper & Nicholsons Marina Inv,CNMI.L
CANACCORD FIN,CF.L
Candover Inv.,CDI.L
CANISP PLC GB,CN.L
CAP & REGIONAL,CAL.L
Cap-XX,CPX.L
CAPCON HOLDINGS,CPC.L
CAPE,CIU.L
Capita Group plc,CPI.L
Capital Gearing,CGT.L
Capital Management & Investment,CMIP.L
Capital Pub Company,CPUB.L
Carador,CDO.L
CARCLO,CAR.L
Cardiff Prop.,CDFF.L
Care UK plc,CUK.L
Carecapital Group,CARE.L
Carillion plc ord 50p,CLLN.L
CARLTON RESOURS,CLN.L
Carluccio's,CARL.L
CARNIVAL,CCL.L
Carpetright plc,CPR.L
Carphone Warehouse,CPW.L
Carrs Mill.,CRM.L
Cashbox,CBOX.L
CASPAIN HOLDING GB,CSH.L
CASSIDY BROS,CDY.L
Castings plc,CGS.L
Catalyst Med Group,CMX.L
Catalytic Solutions,CTS.L
Cathay International Holdings,CTI.L
Catlin Group,CGL.L
CAVANAGH GROUP,CVH.L
Cayenne Trust (The),TCT.L
Caza Oil & Gas,CAZA.L
Cazenove Absolute Equity,CAEL+.L
CBaySystems Holdings,CBAY.L
CDS OIL & GAS,CDS.L
Ceiba Investments,CBA.L
Cellcast,CLTV.L
Cello Group,CLL.L
Celsis Int'l plc,CEL.L
Celtic plc,CCP.L
Cenkos Securities,CNKS.L
CENTAMIN EGYPT LD ORD NPV,CEY.L
CENTAUR HOLDINGS GB,CAU.L
Central African Gold,CAN.L
CENTRAL CHINA,GGG.L
Central Rand Gold,CRND.L
Centrica plc,CNA.L
CEPS,CEPS.L
Ceramic Fuel Cells,CFU.L
Ceres Agriculture Fund Ld,CROP.L
Ceres Power Holdings,CWR.L
Chamberlin plc,CMH.L
Chapelthorpe plc ord 5p,CPL.L
Character Group PLC,CCT.L
Charlemagne Capital,CCAP.L
Charles Stanley,CAY.L
Charles Taylor,CTR.L
CHARTER INTL,CHTR.L
CHARTER PAN-EUROPEAN TRUST PLC ORD 1P,CPE.L
CHARTERIS PLC ORD 1P,CAE.L
Chaucer Holdings,CHU.L
CHEERFUL SCOUT PLC ORD 0.5P,CLS.L
Chemring Group plc,CHG.L
Chesnara,CSN.L
Chime Communication PLC,CHW.L
China Biodiesel Intl Holding,CBI.L
China Eastsea Business Software,CESG.L
CHINA EVOLINE,CEVO.L
China Food Co,CFC.L
CHINA GOLDMINES,CGM.L
CHINA GRTH OPP,CGOP.L
China Real Estate Opportunities,CREO.L
China Shoto,CHNS.L
China Western Investments,CHWI.L
China Wonder,CWO.L
Chloride Group plc,CHLD.L
Christie Group,CTG.L
Chromex Mining,CHX.L
Chrysalis Group plc,CHS.L
Chrysalis Vct,CYS.L
Churchill China plc,CHH.L
Churchill Mining,CHL.L
Cineworld Group,CINE.L
Cinpart,CINP.L
CIRCLE OIL IE,COP.L
Ciref,CRF.L
City Lon. Pr. Group,CIN.L
City Merc. H.Y.,CHY.L
City National,CYN.L
City of London Investment Group,CLIG.L
CITY OF LONDON INVESTMENT TRUST PLC,CTY.L
CLAPHAM HOUSE GRP,CPH.L
CLARITY COMMERCE SOLUT ORD 25P,CCS.L
Clarke T.,CTO.L
Clarkson (Horace) plc,CKN.L
Clarkson Hill Group (The),CLKH.L
Clean Air Power,CAP.L
Clean Energy Brazil,CEB.L
Cleardebt Group,CLEA.L
Clearstream Technologies Group,CTN.L
Clerkenwell Ventures,CRK.L
Climate Exchange,CLE.L
Clinical Comp.,CLC.L
Clinton Cards plc,CC.L
CLIPPER WPR WI,CWP.L
Close Assets Funds,CSU.L
Close Brothers Group plc,CBG.L
CLOSE ENHANCED,CED.L
Close European Accelerated Fund,CEAF.L
CLOSE HIGH PROP,CHI.L
CLS Holdings plc,CLI.L
Cluff Gold,CLF.L
Clyde Process,CPSP.L
CMA Global Hedge PCC,CMAE.L
CML Microsystems plc,CML.L
Coal Of Africa,CZA.L
Coastal Energy Company,CEO.L
Cobham plc,COB.L
COBRA BIO MANU,CBF.L
COBURG GROUP,CGG.L
Coe Group,COE.L
COFFEEHEAVEN INT,COH.L
Cohort,CHRT.L
COLEFAX GROUP,CFX.L
Colliers Cre,COL.L
Collins Stewart Tullett PLC,CLST.L
Colt Telecom,COLT.L
COMM BROKING GRP,CB.L
Commoditrade Inc,CMM.L
Communisis,CMS.L
Company Health,CHT.L
Compass Group plc,CPG.L
Computacenter,CCC.L
Coms,COMS.L
CONCURRENT,CNC.L
Condor Resources,CNR.L
CONEXION MEDIA,CXMG.L
Connaught Plc Ord 10p,CNT.L
Connemara Mining Company,CON.L
CONROY DIAMONDS & GOLD PLC ORD,CDG.L
Consort Medical,CSRT.L
Contentfilm,CFL.L
Conygar Investment Company,CIC.L
COOKSON GROUP,CKSN.L
Coolabi,COO.L
CORAC GROUP PLC ORD 10P,CRA.L
Coral Products plc,CRU.L
Core Business (The),CORE.L
Corero,CORO.L
CORIN GROUP PLC ORD 2.5P,CRG.L
Cosalt plc,CSLT.L
Costain Group plc,COST.L
COVE ENERGY,COVE.L
Coventry Building Society,CVB+.L
CPL RESOURCES ORDINARY SHARE,CPS.L
CRANEWARE,CRW.L
Cranswick plc,CWK.L
Crawshaw Group,CRAW.L
CREAT RESOURCES,CRHL.L
Creightons,CRL.L
Creon Corporation,CRO.L
Creston Land,CRE.L
CRH PLC ORD EUR 0.32,CRH.L
Crimson Tide,TIDE.L
Croda Int'l plc,CRDA.L
Croma Group,CMG.L
Cropper (James) plc,CRPR.L
Crown Place Vct,CRWN.L
CSCAPE GRP,CSC.L
CSR,CSR.L
CSSSTELLAR PLC ORD,CSS.L
CUBUS LUX GB,CBX.L
Custom Vis,CUS.L
Cyan Holdings,CYAN.L
CYBIT HLDINGS,CYH.L
CYPROTEX,CRX.L
D1 OILS GB,DOO.L
Daejan Holdings plc,DJAN.L
Daily Mail & General Trust A,DMGT.L
Daily Mail and General Trust plc,DMGO.L
Dairy Crest Group,DCG.L
DAISY GROUP,DAY.L
Dana Petroleum,DNX.L
DANIEL STEWART GB,DAN.L
Dart Group plc,DTG.L
DATACASH GROUP,DATA.L
DATONG ELECTRON,DTE.L
DAVENHAM,DAV.L
Davis Service Group plc,DVSG.L
Dawson Holdings plc,DWN.L
Dawson Int'l plc,DWSN.L
DB X-trackers DJ Euro Stoxx 50 Short ETF,XSSX.L
DB X-Trackers FTSE 100 Short,XUKS.L
DB X-trackers S&P 500 Short ETF,XSPS.L
DB X-trackers S&P 500 Short ETF$,XSPD.L
DB X-trackers Shortdax ETF,XSDX.L
DCC Plc,DCC.L
DCD Media,DCD.L
DDD GROUP,DDD.L
De La Rue plc,DLAR.L
DEALOGIC HLDGS GB,DL.L
Debenhams (WI),DEB.L
DECHRA PHARMACEUTICALS PLC ORD,DPH.L
Dee Valley Group,DVW.L
Delcam PLC,DLC.L
Delta plc,DLTA.L
DELTEX MEDICAL,DEMG.L
Densitron Technologies,DSN.L
Deo Petroleum,DEO.L
Derwent London,DLN.L
Desire Petroleum Plc Ord 1p,DES.L
Develica Deutschland,DDE.L
Development Securities plc,DSC.L
Devro Int'l plc,DVO.L
Dewhurst 'A',DWHA.L
Dewhurst plc,DWHT.L
DEXION ABSOLUTE,DAB.L
DEXION COM EUR,DCL.L
Dexion Eq Alt,DEA.L
DEXION TRADING,DTL.L
Diageo Plc,DGE.L
Dialight,DIA.L
DiamondCorp,DCP.L
Digital Marketing Group,DIGI.L
DIGNITY (WI) GB,DTY.L
Dillistone Group,DSG.L
Dimension Data,DDT.L
Diploma plc,DPLM.L
Direct Wonen N.V.,DIWO.L
DIRECTORS INV,DDIT.L
Discover Leisure,DISL.L
Discovery Metals,DME.L
DJ Stoxx 600 Banks Short ETF,XS7S.L
DJ Stoxx 600 Health Care,XSDR.L
DJ Stoxx 600 Oil & Gas Short ETF,XSES.L
DJ Stoxx 600 Technology Short ETF,XS8S.L
DM Plc,DMP.L
DOLPHIN CAP INV,DCI.L
Dominion Petroleum,DPL.L
Domino Printing Sciences plc,DNO.L
DOMINO'S PIZZA,DOM.L
DORI MEDIA GRP,DMG.L
DOWNI ABSO VCT,DA1O.L
DOWNING PLANN,DPV2.L
DQ Entertainment,DQE.L
DRAGANFLY INV,DRG.L
Dragon Oil,DGO.L
Dragon-Ukrainian Prop. & Dev,DUPD.L
DRAX GROUP,DRX.L
DRIVER GROUP,DRV.L
DRS Data & Mngt,DRS.L
DSG Intl,DSGI.L
DTZ HOLDINGS,DTZ.L
Dunedin Ent. I.T.,DNE.L
Dunedin Inc.,DIG.L
Dunedin Small,DNDL.L
Dunelm Group,DNLM.L
DYSON GROUP,DYS.L
E2V Technologies,E2V.L
Eaga,EAGA.L
Eagle Eye Telematics,EIT.L
EARTHPORT,EPO.L
East European Trust,EST.L
Eastern European Property,EEP.L
EASYJET PLC ORD 25P,EZJ.L
EBIQUITY,EBQ.L
ECKOH TECHNOLOGIES PLC ORD,ECK.L
Eco Animal Health,EAH.L
Eco City Vehicles,ECV.L
ECOFIN WPO 0.1P,ECW.L
Edin US Tracker,EUS.L
Edin. UK Tracker,EUK.L
Edin. Wwide Inv.,EWI.L
Edinburgh Investment Trust,EDIN.L
Edinburgh New Income Trust,ENI.L
Education Dev Intl,EDD.L
EFM Dragon Trust,EFM.L
EG SOLUTIONS,EGS.L
Egdon Reources,EDR.L
Egypt Trust,EGP.L
EIH,EIH.L
Elderstreet VCT,EDV.L
Eleco Holdings,ELCO.L
Electra Investment Trust,ELTA.L
Electric Inv,ECIT.L
ELECTRIC WORD PLC ORD 1P,ELE.L
Electrocomponents plc Ord 10p,ECM.L
Electronic Data Processing plc,EDP.L
Elektron,EKT.L
Elementis,ELM.L
Emblaze Systems,BLZ.L
EMED Mining Public,EMED.L
EMPRESARIA GROUP GB,EMR.L
Empyrean Energy,EME.L
Encore Oil,EO.L
Endace,EDA.L
Energetix Group,EGX.L
ENERGISER INVE,ENGI.L
Energy Tech.,ETQ.L
ENERGY XXI,EXXS.L
Energybuild Group,EBG.L
Enfis Group,ENF.L
ENGEL EAST EUR,EEE.L
Enova Systems,ENV.L
ENSOR HOLDINGS,ESR.L
Enterprise Inns,ETI.L
Entertainment One,ETO.L
ENV Recycling TC,ENRT.L
EP Global OP Test,EPG.L
EPE SPL OPPRT,ESOE.L
Epicure Qatar Equity Opp.,EQEO.L
Epistem Holdings,EHP.L
EQUEST BALK PRP,EBP.L
Equest Investments Balkans,EIB.L
Equity Part Cap,EQP.L
EREDENE CAPITAL,ERE.L
Eros International,EROS.L
ERUMA,ERU.L
ESSENDEN,ESSES.L
Establishment Investment Trust,ET.L
ET-china.com International Hldgs,ETC.L
ETFS AGRICUL,AIGA.L
ETFS ALL COMS,AIGC.L
ETFS ALUMINIUM,ALUM.L
ETFS COFFEE,COFF.L
ETFS COPPER,COPA.L
ETFS CORN,CORN.L
ETFS COTTON,COTN.L
ETFS CRUDE OIL,CRUD.L
ETFS ENERGY,AIGE.L
ETFS EX-ENERGY,AIGX.L
ETFS Forward Agriculture DJ AIGCI,FAGR.L
ETFS Forward Heating Oil,HEAF.L
ETFS Forward Lean Hogs,HOGF.L
ETFS Forward Live Cattle,CATF.L
ETFS Forward Livestock DJ AIGCI,FLIV.L
ETFS GOLD,BULL.L
ETFS GRAINS,AIGG.L
ETFS HEATING,HEAT.L
ETFS IND METALS,AIGI.L
ETFS L.CATTLE,CATL.L
ETFS LEAN HOGS,HOGS.L
ETFS LEV SILVER ETFS LEVERAGED,LSIL.L
ETFS Leveraged Platinum,LPLA.L
ETFS LIVESTOCK,AIGL.L
ETFS NAT.GAS,NGAS.L
ETFS NICKEL,NICK.L
ETFS Oil Securities,OILB.L
ETFS PETROL,AIGO.L
ETFS Physical Gold,PHAU.L
ETFS Physical Palladium,PHPD.L
ETFS Physical Platinum,PHPT.L
ETFS Physical PPSG Bskt,PHPM.L
ETFS Physical Silver,PHAG.L
ETFS PREC.METAL,AIGP.L
ETFS Short All Commodities DJ-AIGCI,SALL.L
ETFS Short Aluminium,SALU.L
ETFS Short Cocoa,SCOC.L
ETFS Short Corn,SCOR.L
ETFS Short Crude Oil,SOIL.L
ETFS Short Energy DJ-AIGCI,SNRG.L
ETFS Short Gasoline,SGAS.L
ETFS Short Heating Oil,SHEA.L
ETFS Short Industrial Metals DJ-AIGCI,SIME.L
ETFS Short Natural Gas,SNGA.L
ETFS Short Nickel,SNIK.L
ETFS Short Petroleum DJ-AIGCI,SPET.L
ETFS Short Wheat,SWEA.L
ETFS SILVER,SLVR.L
ETFS SOFT,AIGS.L
ETFS SOYBEANS,SOYB.L
ETFS SOYBN.OIL,SOYO.L
ETFS SUGAR,SUGA.L
ETFS WHEAT,WEAT.L
ETFS ZINC,ZINC.L
EURASIA MINING PLC ORD 5P,EUA.L
Eurasian Natural Resources Corp,ENRC.L
Euro. Assets,EAT.L
Euromoney Publications plc,ERM.L
Europa Oil & Gas,EOG.L
European Convergence Dev. Co,ECDC.L
EUROPEAN NICKEL GB,ENK.L
EUROVESTECH,EVT.L
EVOLUTION GROUP PLC ORD 1P,EVG.L
EXC PLC GB,EXC.L
eXpansys,XPS.L
Experian Group,EXPN.L
F & C Smlr.,FCS.L
F&C Asset Mngt,FCAM.L
F&C Cap & Inc It,FCI.L
F&C PRIVAT EQ B,FPEB.L
F&C UK Select Trust,FUS.L
F&C US SMALL CO,FSC.L
Fairpoint Grp,FRPG.L
Falkland Islands Hldgs,FKL.L
Faroe Petro,FPM.L
FDM Group,FDMG.L
Feedback,FDBK.L
Fenner plc,FENR.L
Ferrexpo,FXPO.L
FFASTFILL PLC ORD 1P,FFA.L
Fiberweb,FWEB.L
Fid. Euro. Val.,FEV.L
Fid. Jap. Val.,FJV.L
Fid. Sp. Val.,FSV.L
Fidelity Asian,FAS.L
Fidessa Group,FDSA.L
Filtrona,FLTR.L
Filtronic Comtek plc,FTC.L
Findel Plc,FDL.L
Finders Resources,FND.L
Finsbury Food Group,FIF.L
Finsbury Growth,FGT.L
Finsbury Wwide,FWP.L
Firestone Diamonds Plc Ord 20p,FDI.L
FIRST ARTIST CORPORATION PLC,FAN.L
FIRST PROPERTY ONLINE PLC 1P,FPO.L
FIRST QUANTUM MINERALS LD COM,FQM.L
Firstgroup,FGP.L
Fisher (James) & Sons plc,FSJ.L
FISKE,FKE.L
FISRT DERIVATIVE,FDP.L
FITBUG HLD,FITB.L
Fletcher King,FLK.L
Flying Brands Ltd Shares,FBDU.L
Focus Solutions Group,FSG.L
For. & Col. Euro.,FCU.L
FORBIDDEN TECH ORD 0.8P,FBT.L
Foreign Colonial Investment Trust,FRCL.L
Foresight 2 VCT,FTN.L
Foresight 3 VCT,FTD.L
Foresight 4 VCT,FTF.L
Foresight Technology VCT,FTV.L
Formation Group,FRM.L
FORMJET GB,FMJ.L
Formula Telecom Solutions,FTS.L
Forth Ports plc,FPT.L
Fortune Oil plc,FTO.L
Forum Energy,FEP.L
Framlington Aim VCT 2,FAMT.L
FRAMLINGTON INNOVATIVE GROWTH,FIT.L
French Connection Group plc,FCCN.L
FRENKEL TOPP GB,FEN.L
Fresnillo,FRES.L
FRONTERA RES WI,FRR.L
Frontline,FRO.L
FTSE 250 Mid Cap Index,FTMC.L
FTSE 350 Large Cap Index,FTLC.L
FTSE AIM Index,FTAI.L
FTSE EPRA NAREIT Asia USD version,UGAS.L
FTSE EPRA NAREIT Europe Non-REITs,ENEE.L
FTSE Eurotop 300 Index,FTOP.L
FTSE Small Cap Index,FTSC.L
FULCRUM PHARMA,FUL.L
"Fuller, Smith & Turner plc",FSTA.L
FUSION IP,FIP.L
FUTURA MEDICAL,FUM.L
Futuragene,FGN.L
Future Network plc ord 1p,FUTR.L
Fyffes,FFY.L
Galantas Gold Corporation,GAL.L
Galiform,GFRM.L
GALLEON HLDGS,GON.L
GALLIFORD TRY,GFRD.L
Game Group,GMG.L
Games Workshop Group plc,GAW.L
Garner,GAR.L
Gart Fledg Idx ord 25p,GMF.L
Gartmore European Investment Trust,GEO.L
Gartmore Global Trust,GGL.L
Gartmore Growth Opportunities,GGOR.L
GARTMORE IRISH SMALL PLC O 25P,GIR.L
GAS TURBINE EFF,GTE.L
Gasol,GAS.L
Gasol,GASL.L
GB GROUP,GBG.L
Gbl ENERGY,GED.L
Gem Biofuels,GBF.L
Gem Diamonds,GEMD.L
Gemfields Resources,GEM.L
Genesis E.M.F.,GSS.L
GENETIX GROUP,GTX.L
GENUS,GNS.L
Geong International,GNG.L
Geopark Holdings,GPK.L
GETECH GROUP,GTC.L
Getmobile Europe,GETM.L
GKN,GKN.L
Gladstone Plc Ord 0.01p,GLD.L
Glanbia,GLB.L
Glaxo Smithkline plc,GSK.L
Gleeson (M.J.) Group plc,GLE.L
GLISTEN,GLI.L
GLOBAL BRANDS SA,GBR.L
Global Coal Mgmt,GCM.L
GlobeOp Financial Services S.A.,GO.L
Globus Maritime,GLBS.L
GMA RESOURCES,GMA.L
Go-Ahead Group plc,GOG.L
Goals Soccer Centres,GOAL.L
GoIndustry,GOI.L
Gold Bullion Securities,GBS.L
Gold Oil,GOO.L
Goldenport Holdings,GPRT.L
Goldman Sachs Dynamic Opp,GSDO.L
Goldstone Res,GRL.L
GOOCH & HOUSEGO,GHH.L
GOODWIN,GDWN.L
Gottex Market Neutral Trust,GMNT.L
GR Holdings,GRH.L
GRAFTON GRP UT 1C OR 0.00025P,GRFU.L
Grainger Trust plc,GRI.L
GRAPHITE ENTERPRISE TRT PLC,GPE.L
Great Portland Estates plc,GPOR.L
Greatland Gold,GGP.L
GREEN CO2,GCO.L
Green Dragon Gas,GDG.L
Greencore Group,GNC.L
Greene King plc,GNK.L
Greenko Group,GKO.L
GREENWICH LOAN,GLIF.L
Greggs plc,GRG.L
Gresham Computing plc,GHT.L
GRESHAM HOUSE,GHE.L
Griffin Mining,GFM.L
Grp 4 Securicor,GFS.L
GTL RESOURCES,GTL.L
Guinness Peat Group plc,GPG.L
GW PHARMA PLC ORD 0.1P,GWP.L
H&T Group,HAT.L
Haike Chemical Group,HAIK.L
HALFORDS GROUP GB,HFD.L
HALIFAX,HAL+.L
HALLIN MARINE,HMS.L
Halma plc,HLMA.L
HAMBLEDON MINING GB,HMB.L
Hammerson Property plc,HMSO.L
HAMPDEN,HUW.L
Hampson Industries plc,HAMP.L
HAMWORTHY GB,HMY.L
Hansa Trust,HAN.L
Hansa Trust A,HANA.L
Hardide,HDD.L
HARDY OIL & GAS,HDY.L
HARDY UNDERWRITING GRP ORD 20P,HDU.L
HARGREAVE VCT 1,HHV.L
Hargreaves Ls,HL.L
HARGREAVES SERV,HSP.L
Hartest Holdings,HTH.L
HARVARD INTER,HAR.L
HARVEY NASH GRP,HVN.L
Havelock Europe ord 10p,HVE.L
Hawtin plc,HTI.L
Hay (Norman),HNN.L
Haynes Publishing Group plc,HYNS.L
Hays plc,HAS.L
Headlam Group plc,HEAD.L
Healthcare Ent,HCEG.L
HEALTHCARE LOC,HLO.L
Heath Samuel and Sons,HSM.L
HEAVITREE BREW,HVT.L
Helesi,HLS.L
Helical Bar plc,HLCL.L
Helius Energy,HEGY.L
Helphire Group,HHR.L
Hend. El. & Gen. I.T.,ENG.L
Hend. High Inc.,HHI.L
Henderson Diversified Income,HDIV.L
Henderson Euro.,HNE.L
Henderson Far East Income,HFEL.L
HENDERSON FIN,HFO.L
HENDERSON GRP,HGGH.L
HENDERSON MORLEY PLC 0.125P,HML.L
Henderson Smaller Cos,HSL.L
Henderson Strat,HOT.L
Henderson Tr Pac,HPI.L
Herald Inv.,HRI.L
HERENCIA RES,HER.L
Heritage Oil,HOIL.L
Hexagon Human Capital,HHC.L
HG Capital Trust,HGT.L
HIGHAM SYS SERV,HSS.L
Highcroft Inv.,HCFT.L
HIGHLAND GOLD MINING LD ORD,HGM.L
Hightex Group,HTIG.L
Highway Capital,HWC.L
HIKMA PHARMA WI,HIK.L
Hill & Smith Holdings plc,HILS.L
Hilton Food Group,HFG.L
Hirco (WI),HRCO.L
Hiscox,HSX.L
HML Holdings,HMLH.L
HMV GROUP PLC ORD 1P (WI),HMV.L
Hochschild Mining,HOC.L
Hogg Robinson Group,HRG.L
Holders Tech.,HDT.L
Holidaybreak Plc,HBR.L
Home Retail Group,HOME.L
Homeserve,HSV.L
Horizonte Minerals,HZM.L
Hornby Group plc,HRN.L
HOT TUNA INTL,HTT.L
HOTEL CORPORATION,HCP.L
HR Owens Plc,HRO.L
HSBC Holdings 75p plc,HSBA.L
HSBC Infrastructure Company,HICL.L
Hunting plc,HTG.L
Huntsworth Plc,HNT.L
Hutchison China Meditech,HCM.L
HUVEAUX ORD 10P,HVX.L
Hyder Consulting,HYC.L
Hydro Energy Service Inc,HYD.L
Hydrodec Group,HYR.L
Hydrogen Group,HYDG.L
Hygea VCT,HYG.L
I M I plc,IMI.L
I S Solutions,ISL.L
i-design Group,IDG.L
I-DOCUMENTSYSTEMS GRP PLC 1P,IDOX.L
ICAP PLC ORD 50P,IAP.L
ICB Financial Group Holdings AG,ICB.L
Idatech,IDA.L
IDEAL SHOPPING,IDS.L
IFG Group,IFP.L
IFR Capital,IFR.L
IG GRP HLDGS,IGG.L
IGAS ENERGY,IGAS.L
IIMIA INVESTMENT GB,IIM.L
IMAGE SCAN HLDGS,IGE.L
Imagelinx,ILI.L
Imaginatik,IMTK.L
Imagination Tech,IMG.L
IMJACK,IMJ.L
IMMEDIA GRP,IME.L
IMMUNO SYS HLDG GB,IDH.L
Immupharma,IMM.L
IMPACT HOLDINGS,IHUK.L
IMPAX ASST MNG,IPX.L
IMPAX ENMTL MKTS,IEM.L
Impellam Group,IPEL.L
Imperial Tobacco Group,IMT.L
IN HOUSE GROUP,IHGP.L
INCAGOLD,IGD.L
Inchcape plc,INCH.L
INDEPENDENT INV TST PLC ORD 25,IIT.L
INDEPENDENT MEDIA DIST ORD 10P,IMD.L
Independent News,INME.L
Independent Resources,IRG.L
India Capital Growth Fund,IGC.L
INDIA HOSPITALTY,IHC.L
INDIA REST GRP,IRGP.L
INDIA STAR,INDY.L
Indian Film Company,IFC.L
INDIGOVISION GP,IND.L
INDITHERM,IDM.L
INDIVIDUAL RESTAURANT,IRC.L
Indochina Capital Vietnam Hldgs,ICV.L
INFORMA,INF.L
Infoscreen Networks,INFO.L
Infrastructure India,IIP.L
ING Global Real Estate Secs,IGRE.L
ING UK Real Estate Income Trust,IRET.L
Ingenious Media Active Capital,IMAC.L
Inland,INL.L
Inmarsat,ISAT.L
INNOVATION GRP PLC ORD 2P,TIG.L
INNOVISION RESEARCH & TECH 1P,INN.L
INSIGHT FOUNDAT GB,IFD.L
INT BRAND LICENS,IBL.L
INTANDEM FILMS,IFM.L
Intec Tele System,ITL.L
INTEGRATED ASSET MANAGEMENT,IAM.L
Intelek,ITK.L
INTELLEGO HLDGS GB,IHP.L
INTELLEXIS,ILX.L
INTELLIGENT ENVIROMENTS GROUP,IEN.L
INTERACTIVE PROSP GB,IPH.L
INTERBULK INV GB,INB.L
INTERCEDE GRP PLC ORD 25P,IGP.L
Interior Svcs Group Plc Ord 1p,ISG.L
Intermediate Capital Group plc,ICP.L
International Ferro Metals,IFL.L
International Personal Finance,IPF.L
International Power,IPR.L
International Public Partnership,INPP.L
INTERQUEST GRP,ITQ.L
Interserve,IRV.L
INTERTEK TESTING SVC ORD 1P,ITRK.L
Intl Biotech TST 'C',IBT.L
INTL GREETINGS,IGR.L
INTRCONT HOTELS,IHG.L
Inv Perpuk Smlr,IPU.L
Invensys plc ord 25p,ISYS.L
Invesco Asia,IAT.L
Invesco Eng. & Int.,IEI.L
Invesco Inc Growth,IVI.L
Invesco Leveraged Hi Yld Fd 1p,ILH.L
Invesco Perpetual AIM VCT,IPA.L
Invesco Perpetual Trust 2011,IPRT.L
INVESTEC,INVP.L
INVESTEC CAP ACC,ICA.L
Investment Company,INV.L
Invista European Real Est.Tst Sicaf,IERE.L
Invista Real Est.Inv Mngt Hldgs,INRE.L
Invocas Group,INVO.L
INVU,INVU.L
IOMART GRP PLC ORD 1P,IOM.L
IP2IPO Group,IPO.L
Ipoint-media,IPNT.L
IPPLUS,IPP.L
IPSA Group,IPSA.L
Ipso Ventures,IPS.L
IQ Holdings,IQH.L
IQE PLC ORD 10P,IQE.L
Irish Permanent,IPM.L
IRP PROPERTY,IRP.L
IS Pharma,ISPHI.L
Ishare Investop IE,LQDE.L
Ishares,IDAP.L
Ishares,IDBT.L
Ishares,IDFF.L
Ishares,IDFX.L
Ishares,IDUS.L
Ishares $ FTSE Bric 50,DBRC.L
iShares AEX,IAEX.L
iSHARES DJ EURO STOXX 50,EUE.L
iSHARES DJ STOXX 50,EUN.L
Ishares Euro Government Bond 15-30,IBGL.L
Ishares Euro Government Bond 3-5,IBGX.L
Ishares Euro Government Bond 7-10,IBGM.L
Ishares FTSE Bric 50,BRIC.L
Ishares FTSE Epra Nareit Asia,IASP.L
Ishares FTSE Epra Nareit Glb Prop,IWDP.L
Ishares Ftse Epra Nareit US Prop,IUSP.L
Ishares FTSE Macquarie Glbl Inf 100,INFR.L
Ishares FTSE UK All Stks GILT,IGLT.L
ISHARES FTSE250 IE,MIDD.L
ISHARES IBOXX IE,SLXX.L
iShares II PLC,ISDE.L
iShares II PLC,ISDU.L
iShares II PLC,ISDW.L
iShares II PLC,ISEM.L
iShares II PLC,ISUS.L
Ishares JPMorgan USD Emerging Mkts Bond,IEMB.L
Ishares JPMorgan USD Emerging Mkts Bondú,SEMB.L
Ishares Msci Turkey,ITKY.L
ISHARES PLC,IEUR.L
ISHARES PLC IFTSE 100,ISF.L
Ishares Pound IDX Lkd GILT,INXG.L
Ishares S&P Emerging Mkts Infrastructure,IEMI.L
Ishares S&P Emerging Mkts Infrstructure$,DEIN.L
Ishares US Treasury Bond 7-10,IBTM.L
Ishares USD Tips,IDTP.L
Ishares USD Tips,ITPS.L
ISHS FTSE/XINHUA,FXC.L
ISIS PROP TST,IPT.L
ISLAMIC BANK GB,IBB.L
ISLAND OIL & GAS IE,IOG.L
Itacare Capital Investments,ITA.L
ITE Group Plc Ord,ITE.L
Ithaca Energy,IAE.L
ITM POWER GB,ITM.L
ITV PLC,ITV.L
IVESCO UK PROP GB,IPI.L
J LEWIS OF HUNG,JLH.L
Jacques Vert plc,JQV.L
James Halstead plc,JHD.L
Japan Leisure Hotels,JPLH.L
Japan Residential Inv. Co.,JRIC.L
Japnse Accel Fund,JAP.L
Jardine Lloyd Thompson,JLT.L
Jarvis plc,JRVS.L
JARVIS SECURITIES GB,JIM.L
Jelf Group,JLF.L
Jersey Electricity,JEL.L
JESSOPS,JSP.L
JETION SOLR HLDS,JHL.L
JJB Sports,JJB.L
JKX Oil & Gas plc,JKX.L
JOHN SWAN,SWJ.L
Johnson Mathey plc,JMAT.L
Johnson Services plc,JSG.L
Johnston Press plc,JPR.L
JOURNEY GRP,JNYJ.L
JP Morgan Amer Invest,JAM.L
JP Morgan Euro Growth In Trust,JETG.L
JP Morgan Fleming Chinese Inv Tst,JMC.L
JP MORGAN FLEMING EMERGE MKTS,JMG.L
JP Morgan Fleming Inc and Cap IT,JPI.L
JP MORGAN FLEMING SMALLER COS,JMI.L
JPM FLEM JAP SM,JPS.L
JPM Fleming Corp,JMF.L
JPM Fleming Euro I.T.,JFF.L
JPM Fleming Overseas Investors,JMO.L
JPMF Elect Growth,JPE.L
JPMF Japan Investors,JFJ.L
JPMorgan Asian Investment Trust,JAI.L
JPMorgan Fleming Claverhouse IT,JCH.L
JPMORGAN FLEMING INDIAN IT PLC,JII.L
JPMorgan Fleming Russian Secs PLC Ord 1p,JRS.L
JPMorgan Fleming US Disc IT,JPU.L
JSM Indochina,JSM.L
JUBILEE PLATINUM,JLP.L
JUPITER EURO OPPS TR PLC ORD1P,JEO.L
Jupiter Green Investment Trust,JGC.L
Jupiter Primdna,JPG.L
JUPITER SEC ST,JSS.L
Juridica Investments,JIL.L
Just Car Clinics,JCR.L
K3 Bus Tech Grp,KBT.L
Kalahari Minerals,KAH.L
Kalimantan Gold Corp,KLG.L
KARELIAN DIAM,KDR.L
KAZAKHMYS WI,KAZ.L
KBC Adv Tech PLC,KBC.L
Kefi Minerals,KEFI.L
Kellan Group,KLN.L
Keller Group plc,KLR.L
Kenetics Group,KEN.L
Kenmare Res.,KMR.L
Kenmore European Industrial Fund,KEIF.L
Kentz Corporation,KENZ.L
Kerry Group 'A',KYGA.L
KESA ELECTRICALS,KESA.L
Kewill Systems plc,KWL.L
Keydata Income VCT 1,KIV.L
Keystone Investment Trust,KIT.L
Kier Group,KIE.L
Kingfisher plc,KGF.L
Kingspan Group,KGP.L
KINGSTON COMMUN (HULL) PLC 10P,KCOM.L
KINGSWALK INV,KWI.L
KIOTECH INTL,KIO.L
Kiwara,KIW.L
Kleenair Systems International,KSI.L
Kofax,KFX.L
Kopan Diamond,KDD.L
KRYSO RESOURCES GB,KYS.L
KSK Power Ventur,KSK.L
Ladbrokes,LAD.L
Lagan Capital,LGN.L
Laird,LRD.L
Lamprell,LAM.L
Lancashire Holdings,LRE.L
Land Securities plc,LAND.L
Landkom International,LKI.L
LANDORE RES,LND.L
Lansdowne Oil & Gas,LOGP.L
Latchways Plc,LTC.L
LATHAM JAMES,LTHM.L
Lavendon Group Np,LVD.L
Law. Deb. Corp.,LWDB.L
LED International Holdings,LED.L
Leed Petroleum,LDP.L
Leeds Building Society,LBS+.L
Leeds Group plc,LDSG.L
LEES FOODS,LEE.L
Legal & General Group plc,LGEN.L
LEGION GROUP,LGNG.L
Leisure & Gaming,LNG.L
Leni Gas & Oil,LGO.L
LEYSHON RESORCE,LRL.L
Liberty,LBE.L
Liberty Intl.,LII.L
LIDCO GRP PLC ORD 0.5P,LID.L
LIGHTHOUSE GROUP PLC ORD 1P,LGT.L
Lincat Group plc,LCT.L
Lindsell Train Investment Trust,LTI.L
Liontrust Asset Management plc ord 1p,LIO.L
Lipoxen,LPX.L
Litcomp,LIN.L
Litho Supplies,LTS.L
Livermore  Inc Grp,LIV.L
Lloyds Bank plc,LLOY.L
LO-Q,LOQ.L
Local Shopping REIT (WI),LSR.L
Logica plc,LOG.L
LOK'N STORE GRP PLC ORD 1P,LOK.L
Lombard Medical Technologies,LMT.L
Lombard Risk Management,LRM.L
Lon. & Ass. Props.,LAS.L
Lon. & St. Law. I.T.,LSLI.L
Lon. Fin & Inv. Group,LFI.L
London & Stamford Property,LSP.L
LONDON CAP GRP,LCG.L
London Security,LSC.L
LONDON STK EXCH PLC ORD 5P,LSE.L
LONDON TOWN,LTW.L
Lonmin Plc Ord,LMI.L
Lonrho Africa,LONR.L
Lonzim,LZM.L
Lookers plc,LOOK.L
Low & Bonar plc,LWB.L
Low Carbon Accelerator,LCA.L
Lowland Inv.,LWI.L
LP HILL,LPHL.L
LPA Group,LPA.L
LSL Property Services (WI),LSL.L
Ludgate Environmental Fd,LEF.L
Ludorum,LUD.L
Luminar PLC,LMR.L
Lupus Capital,LUP.L
LXB Retail Properties PLC,LXB.L
Lyxor ETF FTSE 100,L100.L
Lyxor ETF FTSE 250,L250.L
Lyxor ETF FTSE Rafi Europe,LRES.L
Lyxor ETF FTSE Rafi Europe,LREU.L
Lyxor ETF FTSE Rafi Eurozone,LRZU.L
Lyxor ETF FTSE Rafi Eurozone,LRZZ.L
Lyxor ETF FTSE Rafi Japan,LRJU.L
Lyxor ETF FTSE Rafi US 1000,LRAM.L
Lyxor ETF FTSE Rafi US 1000,LRAU.L
Lyxor ETF Kuwait FTSE Coast Kuwait 40 ú,LKUW.L
Lyxor ETF MSCI Em Latin America,LLAT.L
Lyxor ETF MSCI Em Latin America,LLAU.L
Lyxor ETF MSCI Emerging Markets,LEME.L
M & G Equity IT Inc.,MEQI.L
M & G High Income IT Cap.,MGHC.L
M & G High Income IT Inc.,MGHI.L
M and G Equity Investment Tst,MEQ.L
M&C Saatchi,SAA.L
M.C. Pacific,MCP.L
Macau Property Opp. Fund,MPO.L
Macfarlane Group plc,MACF.L
Maghreb Minerals,MMS.L
MAINTEL HOLDINGS GB,MAI.L
Majedie Inv.,MAJE.L
MAJESTIC WINE PLC ORD 30P,MJW.L
Mallett plc,MAE.L
Mama Group,MAMA.L
Man (E D & F) Group plc,EMG.L
Managed Support,MSPS.L
Management Consulting,MMC.L
Manchester & Lon,MNL.L
Manganese Bronze Holdings plc,MNGS.L
MANX FINANCIAL,MFX.L
Mariana Resources,MARL.L
Marks & Spencer plc,MKS.L
Marshalls plc,MSLH.L
MARSTONS,MARS.L
Martin Currie Portfolio IT plc,MNP.L
Matchtech Group,MTEC.L
Matica,MAT.L
Matra Petrol,MTA.L
Matrix European Real Estate IT,MERE.L
MATRIX INC & GRW GB,MIX.L
Matrix Inc & Gwrth 4 VCT,MIG4.L
Matrix Income & Growth 2 VCT,MIG.L
Matrix Income & Growth VCT 3,MIXT.L
Mattioli Woods,MTW.L
MAVEN I&G,MIG1.L
MAVEN INC & GROWTH,MAV4.L
MAVEN INC & GWT 2,MIG2.L
MAVEN INC & GWT 3,MIG3.L
Mavinwood,MVW.L
MAXIMA GB,MXM.L
Maylebone Warwick,MWB.L
Maypole Group,MPG.L
McBride plc,MCB.L
MCINERNEY HLDGS,MCI.L
McKay Securities plc,MCKS.L
MDY Healthcare,MDY.L
MEARS GROUP,MER.L
MECOM GROUP,MEC.L
Medavinci,MVC.L
Media Corp,MDC.L
MEDIA SQUARE,MSQ.L
MEDIAZEST,MDZ.L
Medicx Fund,MXF.L
MEDIT OIL & GAS,MOG.L
MEDIWATCH,MDW.L
Meggitt plc,MGGT.L
Melchior Japan Investment Trust,MJT.L
Melorio,MLO.L
MELROSE PLC,MRO.L
MELROSE RESOURCES ORDINARY SHA,MRS.L
Menzies (John) plc,MNZS.L
MERCHANT HSE GRP,MHG.L
Merchant Sec,MERC.L
Merchants Trust,MRCH.L
MERCURY RECYCLING GRP PLC 10P,MRG.L
Messaging International,MES.L
METAL-TECH,MTT.L
Metalrax Group plc,MRX.L
METALS EXPLORA GB,MTL.L
Metro Baltic Horizons,MET.L
METRODOME GROUP,MRM.L
MICHAEL PAGE INTL PLC ORD 1P,MPI.L
MICHELBERSH BRICK GB,MBH.L
Micro Focus International,MCRO.L
Microgen Holdings plc,MCGN.L
Mid Wynd Int.,MWY.L
Mid-States plc,MST.L
Midas Inc & Growth,MIGT.L
Middlefield Canadian Inc Tst Inv,MCT+.L
Milestone Group,MSG.L
Millennium & Cop,MLC.L
MINCO PLC ORD IEP 0.01,MIO.L
Minera IRL,MIRL.L
Minerva Plc,MNR.L
Minoan Group,MIN.L
MINORPLANET SYS,MPS.L
Minster Pharm,MPM.L
Mirada,MIRA.L
Mission Capital,MCAP.L
Misys plc,MSY.L
MITCHELLS & BUT,MAB.L
Mithras Inv. Trust,MTH.L
Mitie Group plc,MTO.L
Mobile Credit Baltic,MCRB.L
Mobile Doctors Group,MDG.L
Mobile Streams,MOS.L
Mobile Tornado Group,MBT.L
Modern Water,MWG.L
Molins plc,MLIN.L
Mondi Plc,MNDI.L
Moneysupermarket.com Plc,MONY.L
Monks I.T.,MNKS.L
Montanaro European Smaller Co,MTE.L
Montanaro UK,MTU.L
MORANT WRI JPN,MWJ.L
Morgan Crucible Co plc,MGCR.L
Morgan Sindall plc,MGNS.L
Morrison (Wm) Supermarkets plc,MRW.L
Morse Holdings plc ord 10p,MOR.L
Morson Group,MRN.L
Moss Brothers Group plc,MOSB.L
Mothercare,MTC.L
Motivcom,MCM.L
MOTIVE TV,MTV.L
MOUCHEL PLC ORD 0.25P,MCHL.L
Mount Engineering,MOU.L
MOUNTVIEW ESTS,MTVW.L
MP Evans Grp,MPE.L
MS INTERNATIONAL ORDINARY SHS,MSI.L
MTI Wireless Edge,MWE.L
Mucklow (A.J.) Group plc,MKLW.L
MULBERRY GROUP,MUL.L
MURGITROYD GROUP,MUR.L
Murray Intl,MUT.L
Murray Investment Trust,MYI.L
Mwana Gold,MWA.L
MWB BUSIN EXCH,MBE.L
Namakwa Diamonds,NAD.L
Namibian Res,NBR.L
NANOCO GRP,NANO.L
NARBOURO PLANT,NBP.L
NASDAQ-100 EUROPEAN TRACKER SHS NPV,EQQQ.L
NASSTAR,NASA.L
Nat'l Express Group plc,NEX.L
NATASA MINING,NSN.L
Natl Grid Group,NG.L
NATURE GRP,NGR.L
Nautical Petrlm,NPE.L
Nautilus Minerals Inc.,NUS.L
Naya Bharat Property Co PLC,NBPC.L
NCC Group,NCC.L
Neptune-Calculus Inc&Growth VCT,NEP.L
Nestor-BNA plc,NSR.L
Netbenefit Plc Ord 1p,NBT.L
NETCALL,NET.L
Netdimensions (Holdings),NETD.L
Netplay TV,NPT.L
Netservices,NSV.L
NETWORK GRP HLDS,NGH.L
NETWORK TECH,NTY.L
Networkers Intl,NWKI.L
NEUTRAHEALTH,NUT.L
New Britain Palm Oil,NBPO.L
New Century AIM VCT,NCA.L
New City High Yield Fund,NCYF.L
New Europe Property Investments,NEPI.L
New India Inv,NII.L
NEW STAR INV TST,NSI.L
Newcastle Building Society,NBS+.L
Newmark Security,NWT.L
Next Fifteen Com,NFC.L
Next plc,NXT.L
NEXTGEN GROUP,NGG.L
Nexus Management,NXS.L
Nichols (J.N.) plc,NICL.L
NIGER URANIUM,URU.L
Nighthawk Energy,HAWK.L
Noble Aim VCT,NOA.L
Noble Investments (UK),NBL.L
Norcros,NXR.L
Nordic Land,NLD.L
Norseman Gold,NGL.L
NORTH AMER BANK,NAM.L
North Atl. Smlr,NAS.L
NORTH MIDLAND,NMD.L
North River Resources,NRRP.L
Northacre Plc Ord 2.5p,NTA.L
Northamber plc,NAR.L
Northbridge Industrial Services,NBI.L
NORTHERN 2 VCT,NTV.L
NORTHERN 3 VCT,NTN.L
Northern Foods plc,NFDS.L
Northern Rock,NRK+.L
NORTHGATE PLC ORD 5P,NTG.L
Nottingham Building Society,NOT+.L
Novae Group,NVA.L
Noventa,NVTA.L
NOVERA ENERGY,NVE.L
NRTHMBRN WATER,NWG.L
NTHN PETROLEUM,NOP.L
Nthn. Investors,NRI.L
Nthn. Venture,NVT.L
NUMIS CORP,NUM.L
Nviro Cleantech,NVR.L
NWF GROUP,NWF.L
NXT PLC,NTX.L
NYOTA MINER NPV,NYO.L
O Twelve Estates,OTE.L
Oak Holdings,OAH.L
Oakley Capital Investments,OCL.L
OCEAN PWR TECH,OPT.L
Ocean Wilson,OCN.L
Octopus AIM VCT,OOA.L
OCTOPUS PHOENIX,OPHX.L
OCTOPUS SND D,OSA.L
OCTOPUS VCT,OEC1.L
OFF PLAN FD NPV,OPF.L
OFFICE2OFFICE GB,OFF.L
OFFSHORE HYDRO GB,OHM.L
Oilex Nl,OEX.L
Old Mutual Plc Ord 10p,OML.L
Omega Diag,ODX.L
OMEGA INSURANCE,OIH.L
On-Line PLC,ONL.L
ONECLICKHR PLC ORD 1P,OCR.L
OPD Group,OPD.L
Opsec Sec Grp,OSG.L
OPTARE,OPET.L
Optos,OPTS.L
Ora Capital Partners,ORA.L
Orchid Developments Group,OCH.L
Origin Enterprises,OGN.L
ORIGO PARTNERS,OPP.L
Ormonde Mining,ORM.L
ORPAK SYSTEM,ORPK.L
ORTUS VCT,ORT.L
Oryx Int'l Growth,OIG.L
Osmetech Plc,OMH.L
OTTOMAN FD,OTM.L
Ovoca Resources,OVG.L
Oxeco,OXE.L
Oxford Adv Surf,OXA.L
Oxford Biomedica,OXB.L
Oxford Catalysts Group,OCG.L
Oxford Instruments plc,OXIG.L
Oxford Molecular Group plc,OMG.L
OXFORD TECH,OTT.L
Oxford Tech Venture,OXT.L
OXUS MINING PLC ORD 1P,OXS.L
Pace Micro,PIC.L
Pacific Assets,PAC.L
Pacific Horizon,PHI.L
Pactolus Hungarian Property,PHU.L
PADDY POWER PLC ORD EUR 0.10,PAP.L
Palmaris Capital,PMS.L
Pan Andean Resources plc,PRE.L
Pan Pacific Aggregates,PPA.L
Pangea Diamondfields,PDF.L
Panmure Gordon,PMR.L
Pantheon Int.,PIN.L
Pantheon Leisure,PLEI.L
Pantheon Resources,PANR.L
Panther Securities plc,PNS.L
PAQ International Holdings,PAQ.L
Paragon Group,PAG.L
Parity plc,PTY.L
Park Group,PKG.L
Parkhead Group,PMG.L
Parkwood Holdings,PKW.L
Partygaming,PRTY.L
Patagonia Gold,PGD.L
PATSYSTEMS,PTS.L
PAYPOINT GB,PAY.L
Payzone,PAYZ.L
Pearson plc,PSON.L
Peel Hotels Plc Ord,PHO.L
Pendragon plc,PDG.L
PENINSULAR GOLD,PGL.L
Penna,PNA.L
Pennant Intl Grp Plc Ord,PEN.L
Pennine Aim Vct.,PAV.L
PENNINE DOWN 2,PND.L
Pennon Group plc ord,PNN.L
PENTAGON PROT.,PPR.L
"Perptl, I&G Inv.",PLI.L
PERSIAN GOLD,PNG.L
Persimmon plc,PSN.L
Personal Assets,PNL.L
PERSONAL GROUP HOLDINGS PLC,PGH.L
Petards Group,PEG.L
Petmin,PTMN.L
PETRA DIAMONDS LD ORD 10P,PDL.L
PETREL RESOURCES PLC ORD 1P,PET.L
Petroceltic Int,PCI.L
PETROFAC WI,PFC.L
Petrolatine Energy,PELE.L
Petroneft Resources,PTR.L
PETROPAVLOVSK,POG.L
PGS Solutions,PGS.L
PHOENIX IT GROUP,PNX.L
Phorm,PHRM.L
Photo-Me Int'l plc,PHTM.L
PHSC,PHSC.L
PHYSIONOMICS GB,PYC.L
Phytopharm,PYM.L
PILAT MEDIA GBL,PGB.L
PINEWOOD-SHEPP GB,PWS.L
Pinnacle Staffing Group,PCL.L
PINNACLE TEL,PINN.L
PIPEHAWK PLC ORD 1P,PIP.L
Pittards,PTD.L
Pixel Interactive Media,PIXL.L
Planet Group,PPT.L
PLANT HEALTH CARE GB,PHC.L
Plant Impact,PIM.L
Plantic Technologies,PLNT.L
Plastics Capital,PLA.L
Platmin,PPN.L
Playtech,PTEC.L
PLAYWIZE ORD,PLW.L
Plaza Centers N.V.,PLAZ.L
PLETHORA S HLDGS,PLE.L
Plexus Holdings,POS.L
Plus Markets Grp,PMK.L
POCHINS ORD 25P,PCH.L
Polar Capital Holdings,POLR.L
Polar Capital Technology Trust,PCT.L
POLO RESOURCES,PRL.L
Portmeirion Potteries plc,PMP.L
Portrait Soft,PST.L
Porvair plc,PRV.L
Powerflute OYJ,POWR.L
PRAESEPE,PRA.L
Premier Farnell,PFL+.L
Premier Farnell Electronics plc,PFL.L
Premier Foods,PFD.L
Premier Oil plc,PMO.L
Premier Renewable Energy Fund,PRF.L
PRESIDENT PET,PPTC.L
Pressure Technologies,PRES.L
PRESTON NTH END,PNE.L
PREZZO,PRZ.L
Primary Health,PHP.L
Prime Act Cap,PACC.L
PRIME FOC LON,PFO.L
PRIME PEOPLE,PRP.L
Princess Private Equity Holding,PEY.L
PRINTING.COM GB,PDC.L
Private & Commercial Fin Group,PCF.L
Private Equity Investor,PEQ.L
Prmr Enr & Water,PEW.L
Proactis Holdings,PHD.L
Probability,PBTY.L
Prodesse Investment,PRD.L
Prologic,PGC.L
PROMETHEAN,PTH.L
Property Recycling Group,PROP.L
Prospect Epicure J-REIT Val Fd,PEJR.L
PROSPECT JAPAN GB,PJF.L
Prosperity Minerals Holdings,PMHL.L
PROSTRAKAN WI,PSK.L
PROTEOME SCIENCES ORDINARY SHA,PRM.L
Proton Power Systems,PPS.L
Protonex Technology Corporation,PTX.L
PROV GROWTH INC,PGOO.L
PROVEN VCT,PVN.L
Proventec,PROV.L
Provexis,PXS.L
Providant Financial plc,PFG.L
Proximagen Neuroscience,PRX.L
Prudential Corp plc,PRU.L
Psion plc,PON.L
Psource Structured Debt,PSD.L
Public Service Properties Inv,PSPI.L
PUBLISHING TECH,PTO.L
PUBS N BARS PLC ORD 20P,PNB.L
Puma VCT II,PMV.L
Puma VCT III,PUMC.L
PUNCH TAVERNS PLC ORD SHS,PUB.L
PURE WAFER GB,PUR.L
Purecircle,PURE.L
Puricore,PURI.L
PURSUIT DYNAMICS PLC ORD 1P P,PDX.L
PV Crystalox Solar,PVCS.L
PZ CUSSONS,PZC.L
QinetiQ Group,QQ.L
Qonnectis,QTI.L
Quadrant Group,QDG.L
Quardr Fuel Intl,QFI.L
Quarto Group,QRT.L
Quayle Munro,QYM.L
QUEEN S WALK WI,QWIL.L
Quester VCT 4,SVC2.L
Quester Vct Plc,SVCT.L
Quintain Estates & Development,QED.L
R.E.A. HLDGS PLC ORD 25P,RE.L
R.G.I. International (WI),RGI.L
RAB Capital,RAB.L
RAB Special,RSS.L
Radicle Projects,RDP.L
Ram Inv Grp,RAM.L
RAMBLER METALS,RMM.L
Randall & Quilter Invest. Hldgs,RQIH.L
RANDGOLD RESOURCES LD ORD,RRS.L
Rank Organisation plc,RNK.L
Ransom (William),RNSM.L
Rapid Realisations Fd,RRF.L
Rathbone Brothers plc,RAT.L
RAYMARINE GB,RAY.L
RCG Holdings,RCG.L
RCM Technology,RTT.L
REAL ESTATE INV,RLE.L
REAL ESTATE OPPORT LTD 1P,REO.L
Real Good Food Company,RGD.L
Real Office Group,REAL.L
Reckitt Benckiser,RB.L
Red Leopard Holdings,RLH.L
Red Rock Resources,RRR.L
RED24,REDT.L
Redhall Group,RHL.L
Redrow Group plc,RDW.L
REDSTONE TELECOM PLC ORD 5P,RED.L
Reed Elsevier,REL.L
REENERGY GROUP,RGY.L
REGAL PETROLEUM,RPT.L
REGEN THERAPEUT,RGT.L
Regenersis,RGS.L
REGUS PLC ORD 5P,RGU.L
Renaissance,RUG.L
ReNeuron Group,RENE.L
Renew Holdings,RNWH.L
RENEWABLE EGY,WIND.L
RENEWABLE ENERGY,REH.L
Renewable Power & Light,RPL.L
Renishaw plc,RSW.L
Renold plc,RNO.L
Renovo Group,RNVO.L
Rensburg,RBG.L
Rensburg Aim Vct,RSB.L
Rentokil Group plc,RTO.L
Res In Insurance,RIIG.L
Restaurants Group plc,RTN.L
REXAM plc,REX.L
Rheochem,RHEP.L
Ricardo Group plc,RCDO.L
RICHOUX GROUP,RICX.L
RICMORE CAPITAL,RCAP.L
Rightmove,RMV.L
Rights & Iss. Cap.,RIIC.L
RIghts & Iss. Inc.,RIII.L
Rio Tinto Plc,RIO.L
RIT Capital Part,RCP.L
RM plc,RM.L
ROBERT WALTERS PLC ORD 20P,RWA.L
ROBINSON PLC GB,RBN.L
Robotic Technology Sys Plc 1p,RTS.L
ROCKHOPPER EXP,RKH.L
ROEFORD PROPRTS,ROE.L
ROK Property,ROK.L
Rolls-Royce plc,RR.L
Romag Holdings,ROM.L
Ross Group,RGP.L
Rotala,ROL.L
Rotork plc,ROR.L
Royal & Sun Alliance Insurance Group,RSA.L
Royal Bank Scotland plc,RBS.L
Royal Dutch Shell,RDSA.L
Royal Dutch Shell B,RDSB.L
RPC Group plc,RPC.L
RPS Group plc,RPS.L
RSM TENON GRP,TNO.L
Rubicon Software Group,RUBI.L
Rugby Estates Investment Trust,RUGB.L
Rugby Estates plc,RES.L
RURELEC GB,RUR.L
RUSINA MINING,RMLA.L
Rutley European Property,RTY+.L
Ryanair Holdings plc ord,RYA.L
S & U plc,SUS.L
SAB Miller,SAB.L
Sabien Technology Group,SNT.L
Safeland,SAF.L
Safestore Holdings,SAFE.L
Sage Group plc,SGE.L
Sainsbury (J) plc,SBRY.L
Salamander Energy,SMDR.L
Saltus European Debt Strategies,SED.L
SANDERSON HLDGS GB,SND.L
SANDVINE,SAND.L
SANTAND 10 3/8,SANS+.L
SAREUM HOLDINGS GB,SAR.L
SATCOM GRP,SGH.L
Savile Grp,SAVG.L
Savills plc,SVS.L
Scapa Group plc,SCPA.L
Schroder Asia,SDP.L
Schroder Inc.,SCF.L
Schroder Japan,SJG.L
Schroder M&S Fd,SCP.L
Schroder Oriental Income Fund,SOI.L
Schroder UK,SDU.L
Schroder Ven. I.T.,SVI.L
Schroders N/V,SDRC.L
Schroders plc,SDR.L
SCISYS,SSY.L
Scot. Orntl. Smll.,SST.L
Scotland American Invest,SCAM.L
Scotland Invest Trust,SCIN.L
Scotland Mtge Trust,SMT.L
Scott Wilson Group,SWG.L
Scottish & Southern Energy plc ord 50p,SSE.L
SCOTTY GROUP,SCO.L
Sdl Plc Ord 1p,SDL.L
SEAENERGY,SEAE.L
Secs Trust of Scotland,STS.L
SEEING MACHINES,SEE.L
SEFTON RESOURCES INC COM SHS N,SER.L
SEGRO,SGRO.L
Senior Engineering Group plc,SNR.L
Sepura,SEPU.L
SERABI MINING,SRB.L
Serco Group plc,SRP.L
SERICA ENERGY WI,SQZ.L
Service Office Group,SVO.L
SERVICEPOWER TECH PLC ORD 10P,SVR.L
SERVISION GB,SEV.L
Servoca,SVCA.L
SEVERFIELD-ROWEN PLC,SFR.L
Severn Trent Water plc,SVT.L
Shaftesbury plc,SHB.L
Shanks Group PLC,SKS.L
SHANTA GOLD,SHG.L
Shariah Capital,SCAP.L
Shed Productions,SHDP.L
Shire Pharmaceutical,SHP.L
Shires Income Plc,SHRS.L
Shires Smlr. Co.,SHD.L
SHORE CAPITAL GROUP PLC ORD 2P,SGR.L
SIG plc,SHI.L
SIGMA TECH,SGM.L
SIGNET JEWELERS,SIG.L
Silanis International,SNS.L
Silent Therapy,SLN.L
Silverdell,SID.L
Simigon,SIM.L
Sinclair (Wm) Holdings plc,SNCL.L
Sinclair Pharm,SPH.L
Sinosoft Technology,SFT.L
Sirius Exploration,SXX.L
SIRIUS PETROLEUM,SRSP.L
Siteserv,SSV.L
Skipton Building Society,SKI+.L
Sky High,SKHG.L
Skyepharma,SKP.L
Slimma,SLM.L
SLINGSBY,SLNG.L
Small Co's Dividend Trust,SDV.L
Smart (J) & Co plc,SMJ.L
SMARTFOCUS GROUP GB,STF.L
Smith & Nephew Cos plc ord 10p,SN.L
Smith (David S) Holdings plc,SMDS.L
Smith (W.H.) Group plc,SMWH.L
Smiths Industries plc,SMIN.L
Smiths News,NWS.L
Smurfit Kappa(WI),SKG.L
Soco Int'l,SIA.L
SOFIA PROPERTY,SPFL.L
Software Radio Technology,SRT.L
SOLID STATE SUPL,SSP.L
SOLO OIL,SOLO.L
Solomon Gold,SOLG.L
Somero Enterprise,SOM.L
Sony Corporation,SON.L
SOPHEON PLC,SPE.L
SORBIC INTL,SORB.L
SOUND OIL,SOU.L
Sourc Bioscience,SBSC.L
South African Property Opps,SAPO.L
Southern Bear,STBR.L
Southern Cross Healthcare,SCHE.L
Sovereign Rev,SVN.L
SPACEANDPEOPLE GB,SAL.L
Spark Ventures,SPK.L
Spectris PLC,SXS.L
SPECTRUM INTER,SIN.L
Speedy Hire,SDY.L
Speymill,SYG.L
Speymill Deutsche Immobilien Co,SDIC.L
Speymill Macau Property Company,MCAU.L
SPICE,SPI.L
Spirax-Sarco Engineering plc,SPX.L
SPIRENT PLC ORD 3 1/3P,SPT.L
Spiritel Plc,STP.L
Sportech NP,SPO.L
SPORTINGBET PLC ORD 0.1P,SBT.L
Sports Direct International,SPD.L
Sports Media Grp,SPMG.L
SPORTSWINBET,SWB.L
SQS SOFT QLTY,SQS.L
SR Europe Investment Trust,SR.L
SSL International plc ord 10p,SSL.L
St James's Place,STJ.L
St Peter Port Capital,SPPC.L
St. Ives plc,SIV.L
St. Mowden Properties plc,SMP.L
Stadium Group,SDM.L
STAFFLINE GRP,STAF.L
Stagecoach Holdings plc,SGC.L
STAGECOACH THRTR,STA.L
Stand Life Eq,SLET.L
Standard Chartered,STAN+.L
Standard Chartered plc,STAN.L
Standard Life,SL.L
Standard Life Euro Pri Eqty Tst,SEP.L
Standard Life Inv,SLI.L
Stanelco,SEO.L
STANLEY GIBBONS GROUP LD ORD 1P,SGI.L
Starvest,SVE.L
STATPRO GRP PLC ORD 1P,SOG.L
STERLING ENERGY,SEY.L
Sterling Green Group,SGG.L
Stewart and Wight,STE.L
SThree,STHR.L
Stilo International,STL.L
STM Group,STM.L
Stobart Grp,STOB.L
STOCKCUBE,SKC.L
STRAIGHT PLC,STT.L
STRAT THOU GRP,STR.L
STRATEGIC EQ CAP,SEC.L
STRATEX INTL,STI.L
Strontium,STTM.L
STV Group,STVG.L
Styles & Wood Group,STY.L
Summit Corp,SUMM.L
SUNRISE DIAM,SDS.L
Supercart,SC.L
Superglass Holdings,SPGH.L
Supporta,SOR.L
SURFACE TRNFORM,SCE.L
SURGICAL INNOV,SUN.L
SUTTON HARBOUR,SUH.L
SVM Global Fund PLC,SVG.L
SVM OFEX FUND PLC,SVM.L
SVM UK Active,SVU.L
Swallowfield plc,SWL.L
SWP Group,SWP.L
Sylvania Resources,SLV.L
SYMPHONY PLASTIC,SYM.L
Synairgen,SNG.L
Synchronica,SYNC.L
Syndicate Asset Management,SAM.L
SYNERGY HEALTHCARE PLC ORD,SYR.L
Syntopix Group,SYN.L
SYSTEM C HEALTH,SYS.L
Taliesin Property Fund,TPF.L
Talvivaara Mining Company,TALV.L
TANDEM GROUP,TND.L
TANFIELD GROUP,TAN.L
Tangent Comm,TNG.L
TAPESTRY INC CO PCC,TIC.L
Tarsus Group,TRS.L
Tasty,TAST.L
Tate & Lyle plc,TATE.L
Tau Capital,TAU.L
Tawa,TAW.L
Taylor Wimpey plc,TW.L
Ted Baker,TBK.L
Teg Environment,TEG.L
Telecity Group,TCY.L
TELECOM PLUS PLC ORD .05P,TEP.L
Telephonetics,TPH.L
Teleset Networks,TNW.L
TELFORD HOMES,TEF.L
TELIT COMMS,TCM.L
Tembusu Investments,TIL.L
Templar Minerals,TMP.L
Temple Bar,TMPL.L
Templeton Emerging Market,TEM.L
TEN ALPS COMMS,TAL.L
TERRACE HILL GROUP PLC,THG.L
Tesco plc,TSCO.L
Tex Holdings,TXH.L
THB GROUP,THB.L
The Mission Marketing Group,TMMG.L
THEO FENNELL,TFL.L
THIRD POINT OFFSHORE INVESTORS,TPOU.L
Thirdforce,THF.L
Thomas Cook Group,TCG.L
Thor Mining,THR.L
Thorntons plc,THT.L
Thorpe (FW) plc,TFW.L
Throgmorton Trust,THRG.L
TIGER RESOURCE,TIR.L
TIKIT GROUP,TIK.L
Timestrip,TIME.L
TITAN EUROPE GB,TSW.L
TITANIUM RES,TXR.L
Titon Holdings plc,TON.L
TLN Group,TTV.L
TOLEDO MINING GB,TMC.L
TOLENT,TLT.L
TOLUNA,TOL.L
Tomkins plc,TOMK.L
TOP LEVEL DOMAIN,TLDH.L
Topps Tiles,TPT.L
Torotrak Plc Ord 10p,TRK.L
Total Produce,TOT.L
Total Systems,TTS.L
TOTALLY,TLY.L
Tottenham Hotspur plc,TTNM.L
Touch Group,TOU.L
TOUMAZ HLD,TMZ.L
Tower Resources,TRP.L
TOWN CENTRE SECURITIES PLC,TCSC.L
TOYE,TOYE.L
Tr Eur. Growth,TRG.L
Tr. Prop. Inv. Trust,TRY.L
Tracsis,TRCS.L
TRADING EMMISION,TRE.L
TrafficMaster plc,TFC.L
TRAKm8 Holdings,TRAK.L
TRANS-SIBER GOLD,TSG.L
TRANSENSE TECHNOLOGIES PLC ORD,TRT.L
Travelzest,TVZ.L
Travis Perkins plc,TPK.L
Treatt plc,TET.L
TREVERIA,TRVT.L
Triad Group,TRD.L
TRIBAL GROUP PLC ORD 1P,TRB.L
TRICORN GROUP,TCN.L
Trifast plc,TRI.L
Trinity Capital,TRC.L
Trinity Int'l Holdings plc,TNI.L
Triple Plate,TPJ.L
Tristel,TSTL.L
TROY INC & GRW,TIGT.L
TSE Group,TSEG.L
TT Group plc,TTG.L
TUI TRAVEL,TT.L
Tullett Prebon,TLPR.L
Tullow Oil,TLW.L
Turbo Power Systems,TPS.L
Turbotec Products,TRBO.L
Twenty,TWE.L
TX OIL & GAS,TXO.L
Tyratech,TYR.L
UBC MEDIA GRP PLC ORD 1P,UBC.L
UK Coal Prices,UKC.L
UK Commercial Property Plc,UKCM.L
UK MAIL GRP,UKM.L
UK SELECT TRUST,UKT.L
Ukraine Opportunity Trust,UKRO.L
UKRPRODUCT GROUP,UKR.L
Ulster Television plc,UTV.L
ULTIMATE FIN GRP,UFG.L
Ultra Elec.,ULE.L
Ultrasis Plc,ULT.L
UMC Energy,UEP.L
UMECO plc,UMC.L
UNICORN AIM VCT,UAV.L
Unicorn AIM VCT II,UAVT.L
Unilever plc,ULVR.L
Uniq PLC,UNIQ.L
Unite Group Plc Ord 25p,UTG.L
Unitech Corporate Parks,UCP.L
UNITED BUSINESS MEDIA PLC 25P,UBM.L
United Drugs,UDG.L
United Utilities plc,UU.L
Universe Group,UNG.L
UNIVISION ENG,UVEL.L
URALS ENG PUB WI,UEN.L
URANIUM,UML.L
URANIUM RES,URA.L
UTD CARPET GRP,UCG.L
Utilico,UTL.L
UTILICO EM MKTS,UEM.L
Valirx,VAL.L
Value & Income,VIN.L
VALUE CATAL FD,VCF.L
Vane Minerals,VML.L
VANTIS,VTS.L
VATUKLA GLD MN,VGMS.L
VECTURA GROUP GB,VEC.L
VEDANTA RESOURCES GB,VED.L
Velosi,VELO.L
VELTI,VEL.L
VERNALIS,VER.L
Vero Software,VERO.L
Verona Pharma,VRP.L
Vertu Motors,VTU.L
Vialogy,VIY.L
VICTORIA OIL GB,VOG.L
Victoria Plc,VCP.L
VICTORY VCT,VICT.L
Victrex,VCT.L
VINACAP VIETNAM,VOF.L
VINDON HEALTH,VDN.L
Viridas,VIR.L
Vislink,VLK.L
VISONIC LD IL,VSC.L
Vitec Group plc,VTC.L
VITESSE MED PLC ORD 10P EX-ENT,VIS.L
Vodafone Group plc,VOD.L
Volex Group plc,VLX.L
Volga Gas,VGAS.L
Volvere PLC Ord 0.00001p,VLE.L
VP Plc,VP.L
VT GROUP,VTG.L
W.H. IRELAND,WHI.L
Walker Crips Weddle,WCW.L
Walker Greenbank plc,WGB.L
Warburg SG Group,WSG.L
Warner Estate Holdings plc,WNER.L
Water Hall Group plc,WTH.L
Waterman Group,WTM.L
Watermark Global,WET.L
Watford Leisure,WFC.L
Weather Lottery (The,TWL.L
WEATHERLY INTL,WTI.L
Webis Holdings,WEBH.L
Weir Group plc,WEIR.L
Wellstream Holdings,WSM.L
West China Cement,WCC.L
Western & Oriental,WEST.L
WESTERN COAL,WTN.L
WESTHOUSE HLDNGS,WHL.L
WESTMOUNT ENERGY,WTE.L
Westside Acquisitions,WST.L
Wetherspoon (J D) plc,JDW.L
WFCA,WFCA.L
Whitbread plc,WTB.L
Wichford,WICH.L
WILLIAM HILL PLC,WMH.L
WILMINGTON GROUP,WIL.L
WIN GB,WNN.L
Wincanton PLC,WIN.L
Wiseman (Robert) Dairies plc,RWD.L
Witan Invest Ord,WTAN.L
Witan Pac Inv,WPC.L
WOBURN ENERGY,WBN.L
Wolfson Microelectronics,WLF.L
WOLSELEY,WOS.L
WOOD GRP (JOHN) ORD 3 1/3P,WG.L
Work Group,WORK.L
Workplace Systems,WSI.L
Works Media,WKS.L
Workspace Group,WKP.L
WORLD CAREERS,WOR.L
World Trust Fd.,WTR.L
Worthington Group plc,WRN.L
WPP Group plc,WPP.L
WREN EXTRA CARE,WREN.L
WSP Group plc,WSH.L
WYG,WYGR.L
WYNNSTAY GROUP GB,WYN.L
WYNNSTAY PROPS,WSP.L
XAAR Plc,XAR.L
Xchanging PLC,XCH.L
XCounter Ab,XCT.L
XP POWER,XPP.L
XPLOITE,XPT.L
Xstrata Plc,XTA.L
Xtract Energy,XTR.L
YCO GROUP,YCO.L
YELL GROUP,YELL.L
YINGGAO HLDGS,YGH.L
YOUGOV,YOU.L
Young & Co's Brewery plc,YNGA.L
YOUR SPACE PLC ORD 1P,YSP.L
Yule Catto & Co plc,YULC.L
Zamano,ZMNO.L
Zenergy Power,ZEN.L
Zest Group,ZEST.L
ZETAR GB,ZTR.L
ZINCOX RESOURCES,ZOX.L
Zirax,ZRX.L
ZOO DIGITAL GRP,ZOO.L
Zotefoams plc,ZTF.L
ZYTRONIC PLC ORD 1P,ZYT.L
